Suma de ECI,Year,,,,,,,,,,,,,,,,,,,,,,,,,,,,,,,,,,,,,,,,,,,,,,,,,,,,,,
Country,1964,1965,1966,1967,1968,1969,1970,1971,1972,1973,1974,1975,1976,1977,1978,1979,1980,1981,1982,1983,1984,1985,1986,1987,1988,1989,1990,1991,1992,1993,1994,1995,1996,1997,1998,1999,2000,2001,2002,2003,2004,2005,2006,2007,2008,2009,2010,2011,2012,2013,2014,2015,2016,2017,Valor Total
Albania,-0.162675,-0.144394,0.001056,0.210635,0.056063,0.061086,-0.024968,0.089795,0.09419,-0.064341,-0.170026,-0.138748,-0.171997,-0.267863,0.027023,-0.074055,0.420676,0.242285,0.347362,0.203431,-0.040355,-0.226584,-0.336359,-0.229183,-0.281952,-0.264478,-0.197794,-0.210994,-0.242111,-0.195093,-0.179171,-0.286801,-0.377064,-0.404282,-0.43934,-0.42106,-0.276055,-0.047386,-0.01742,-0.02384,-0.128714,-0.245883,-0.395101,-0.490889,0.151114,0.563279,0.552788,0.272749,-0.472586,-0.684933,-0.542079,-0.896511,-0.90769,-0.781571,-8.168814
Algeria,-0.131416,-0.248026,-0.298926,-0.326832,-0.469397,-0.521161,-0.492765,-0.387895,-0.581162,-0.634155,-0.772504,-0.658009,-0.81583,-0.822023,-0.939733,-0.844654,-0.754751,-1.0883,-1.11657,-1.18598,-1.18261,-1.10051,-1.22432,-0.787639,-0.292231,-0.257457,-0.649656,-0.645687,-0.798032,-0.770482,-0.635657,-0.787497,-0.72511,-0.814718,-0.802829,-0.741165,-0.843424,-0.906108,-0.808618,-0.875592,-1.11,-1.11468,-0.788727,-0.682755,-1.03209,-1.07781,-1.15498,-1.28473,-1.56777,-2.08154,-1.77252,-1.01136,-0.937221,-0.811671,-45.167285
Angola,-1.31753,-1.21766,-1.17056,-1.03878,-1.23318,-1.22352,-1.20874,-1.32727,-1.28119,-1.15258,-1.14003,-1.24488,-1.37667,-1.54506,-1.43599,-1.4835,-1.43557,-1.70915,-1.76865,-2.01443,-1.94971,-1.78521,-1.822,-1.26181,-1.6952,-1.27093,-1.67635,-2.00679,-2.04018,-1.46963,-1.26224,-1.70503,-1.75814,-1.79175,-1.60166,-1.61325,-1.67367,-1.71443,-2.04759,-2.06924,-0.705732,-0.787959,-0.798225,-1.91304,-1.95195,-1.96257,-2.01309,-2.09087,-2.79136,,,-1.25745,-1.16876,-1.3177,-80.298456
Argentina,-0.235528,-0.138631,-0.186694,-0.281353,-0.2747,-0.248754,-0.139189,-0.117285,-0.021875,0.117281,0.269263,0.390731,0.184318,0.129156,0.100627,-0.030212,-0.100055,-0.088912,-0.04017,0.100525,0.089542,0.02977,0.02127,0.064141,0.042609,0.094958,0.064197,0.092349,-0.063648,-0.010048,-0.02758,0.010787,-0.01855,0.012858,0.063963,0.061027,0.067484,0.065941,-0.048438,-0.022571,0.002533,0.03593,0.053536,0.073768,0.077066,0.071968,0.03248,-0.063178,-0.148047,-0.496513,-0.502072,0.462111,0.360496,0.232335,0.171017
Australia,0.15691,0.191705,0.245572,0.183548,0.268314,0.135157,0.068696,0.057807,0.043605,0.01988,0.002005,-0.044957,-0.088588,-0.050256,-0.038578,-0.044982,-0.094969,-0.147273,-0.007137,-0.10869,-0.097552,0.024368,-0.079455,-0.085689,-0.108906,-0.067428,-0.168113,-0.165157,-0.190559,-0.038421,-0.009273,0.04147,0.027905,-0.00787,0.052213,-0.033744,-0.031123,-0.06647,-0.073102,-0.038353,-0.218672,-0.213502,-0.155239,-0.171363,-0.210701,-0.331165,-0.397884,-0.516626,-0.528256,-0.816851,-0.846322,0.0971997,0.146237,0.0863035,-4.4443308
Austria,2.03892,2.06916,1.99344,2.0393,1.98078,1.92701,1.99157,1.96936,1.94613,1.88468,1.90756,1.8608,1.70802,1.7341,1.81273,1.93101,1.88666,1.84022,1.79374,1.79615,1.77997,1.88765,1.81925,1.89238,1.86741,1.92154,1.94269,1.95901,2.00948,2.0734,2.12007,2.07826,2.03268,1.91867,1.84365,1.80792,1.79399,1.73102,1.72614,1.76393,1.81965,1.74605,1.7452,1.70293,1.68159,1.69369,1.68617,1.7891,1.71686,1.72767,1.64981,1.68354,1.63921,1.62894,99.99086
Azerbaijan,,,,,,,,,,,,,,,,,,,,,,,,,,,,,-0.392366,-0.133873,-0.184645,-0.220812,0.295336,0.440148,0.344791,0.14542,-0.094196,-0.582499,-0.473538,-0.36504,-0.595619,-0.769416,-0.981761,-1.08907,-1.00637,-1.08488,-1.08757,-1.44623,-1.50891,-1.44358,-1.7818,-0.674689,-0.650166,-0.654587,-15.995922
Bangladesh,,,,,,,,,-0.583664,-0.380092,-0.233379,-0.539728,-0.915828,-0.750175,-0.546402,-0.581606,-0.473513,-0.58621,-0.629682,-0.727512,-0.681064,-0.752768,-0.649575,-0.561619,-0.486923,-0.743294,-0.761861,-0.737013,-0.659387,-0.840842,-0.921693,-0.918699,-1.06387,-1.06811,-1.08508,-1.07312,-0.997463,-0.995853,-1.03815,-1.1201,-1.23386,-1.17652,-1.19826,-1.01275,-0.936713,-0.927904,-1.00757,-1.10503,-0.943499,-1.17559,,-1.76105,-1.77822,-1.71442,-40.075661
Belarus,,,,,,,,,,,,,,,,,,,,,,,,,,,,,0.33228,0.472178,0.378847,0.477808,0.607991,0.471432,0.645948,0.607993,0.558912,0.842052,0.722964,0.723122,0.832963,0.858138,0.856248,0.682706,0.690402,0.668625,0.675162,0.918398,0.82272,0.689295,0.731427,0.836874,0.743585,0.743075,17.591145
Belgium,1.64017,1.66901,1.58396,1.58365,1.53657,1.52145,1.46409,1.48649,1.47614,1.44249,1.47628,1.49865,1.36239,1.34301,1.39968,1.42368,1.4946,1.49442,1.43398,1.39186,1.33047,1.39638,1.45513,1.47377,1.50163,1.48931,1.45983,1.43235,1.50294,1.53536,1.50225,1.50236,1.43024,1.46882,1.48359,1.45589,1.44647,1.40065,1.37079,1.37738,1.33257,1.27927,1.23122,1.26407,1.22398,1.18347,1.1659,1.13515,1.04707,0.951062,0.90581,,,,71.457752
Bolivia,-0.712487,-0.708527,-0.781309,-0.841633,-0.876756,-0.926964,-0.792537,-0.780383,-0.795227,-0.980488,-1.04562,-0.996872,-0.926734,-0.870114,-0.851629,-1.14398,-0.904911,-1.03484,-0.895974,-0.819953,-1.11108,-0.842486,-0.942779,-0.895863,-0.804475,-0.956995,-0.864784,-0.89069,-0.922251,-0.930338,-0.871765,-0.784781,-0.670547,-0.761067,-0.630502,-0.770524,-0.812611,-0.881527,-0.836185,-0.797802,-0.919345,-0.856918,-0.851524,-0.871062,-0.795241,-0.828261,-0.821025,-0.939743,-0.853344,-1.16084,-1.18122,-1.06538,-1.06344,-1.07744,-47.950773
Bosnia and Herzegovina,,,,,,,,,,,,,,,,,,,,,,,,,,,,,0.765632,0.760914,0.673995,0.635623,0.580926,0.492681,0.528119,0.456929,0.358552,0.302574,0.242517,0.210007,0.365334,0.429642,0.52393,0.529734,0.553484,0.522361,0.574773,0.592368,0.545884,0.562599,0.578374,0.32009,0.328647,0.372865,12.808554
Botswana,,,,,,,,,,,,,,,,,,,,,,,,,,,,,,,,,,,,,-0.411647,-0.826433,-0.686412,-0.818465,-0.708473,-0.845061,-0.856364,-0.891555,-0.499249,0.160551,0.103461,-0.354011,-0.532549,-0.574288,-0.790862,,,,-8.531357
Brazil,-0.882551,-0.904464,-0.867307,-0.849452,-0.702449,-0.565923,-0.54633,-0.614586,-0.546039,-0.372521,-0.341572,-0.21511,-0.308122,-0.259673,-0.181274,-0.106942,0.067672,0.117213,0.286643,0.196999,0.375735,0.267288,0.345727,0.369739,0.33526,0.339519,0.418308,0.417815,0.503414,0.471776,0.512414,0.558738,0.529039,0.609912,0.63263,0.63173,0.602188,0.512734,0.450486,0.42281,0.399357,0.450112,0.477157,0.548606,0.396395,0.265535,0.248326,0.190826,0.161553,0.032264,-0.151225,0.696066,0.648284,0.608252,6.682982
Bulgaria,0.617459,0.637412,0.741352,0.585614,0.486855,0.530517,0.514371,0.588835,0.589544,0.613131,0.770913,0.820792,0.7584,0.66881,0.665983,0.675666,0.633252,0.681308,0.708309,0.835249,0.674233,0.620417,0.561423,0.579827,0.558906,0.569171,0.645641,0.568584,0.429701,0.409459,0.364839,0.323871,0.34916,0.501917,0.483749,0.450126,0.442311,0.344109,0.384387,0.365341,0.309366,0.34386,0.373395,0.410246,0.446085,0.39622,0.467999,0.447953,0.497365,0.278113,0.290812,0.358694,0.327278,0.347659,28.045989
Burma,-0.855248,-1.0672,-1.03755,-0.980183,-1.06872,-1.13729,-1.1461,-1.37593,-1.05842,-0.868736,-0.926276,-1.10767,-1.00505,-1.04818,-0.882072,-0.830871,-0.807171,-0.667566,-0.694097,-0.766736,-0.826776,-0.715804,-0.811849,-0.984295,-1.13781,-1.09078,-1.05308,-1.12979,-1.22432,-1.28022,-1.19653,-1.25906,-1.25981,-1.2446,-1.24911,-1.15924,-1.30999,-1.29669,-1.18614,-1.23973,-1.3014,-1.23916,-1.24742,-1.20659,-1.19618,-1.24182,-1.20578,-1.27821,,,,,,,-51.90325
Cambodia,-0.650317,-0.73646,-0.928722,-0.950048,-0.870425,-0.922801,-1.19009,-1.07522,-1.10812,-1.02784,-0.62695,-0.342256,-0.150939,0.173955,0.418704,0.686277,0.953869,1.1079,0.967635,0.93646,0.618817,0.565503,0.645039,0.322833,0.411623,-0.085926,-0.221593,-0.478344,-0.845222,-1.01317,-1.02126,-0.985304,-0.931056,-1.05982,-1.36686,-1.22901,-1.15353,-1.04926,-1.04947,-1.02579,-1.14921,-1.17042,-1.20287,-1.2005,-1.06295,-0.985864,-1.04752,-1.20676,-0.95203,-0.904026,-0.723043,-1.47629,-1.44677,-1.37692,-32.192361
Cameroon,-1.12852,-1.26389,-1.27345,-0.972631,-0.758248,-0.843236,-0.817342,-0.935888,-0.958583,-0.708526,-0.951974,-0.981177,-1.169,-1.13052,-1.25489,-1.16546,-1.34147,-1.50593,-1.30103,-1.15604,-1.20592,-1.73297,-1.74781,-1.76979,-1.77215,-1.72539,-1.76896,-1.65648,-1.88333,-1.95829,-1.86519,-1.70179,-1.6158,-1.73434,-1.83434,-1.81816,-1.77589,-1.76353,-1.53014,-1.45477,-1.55106,-1.81234,-1.80901,-1.62851,-1.59003,-1.45045,-1.64686,-0.618845,-0.546339,-0.69924,-0.841034,-1.0069,-0.814567,-1.01371,-72.96174
Canada,0.820749,0.718737,0.769482,0.75826,0.803205,0.829068,0.671882,0.709441,0.723165,0.627947,0.66737,0.78543,0.81458,0.869288,0.846039,0.833572,0.857068,0.94163,0.905164,0.995635,0.767403,0.714533,0.702436,0.712579,0.689466,0.774507,0.703285,0.615339,0.580017,0.652211,0.819512,0.856119,0.891053,0.842988,0.933069,0.853475,0.882912,0.864428,0.89244,0.919277,0.862716,0.848054,0.811793,0.789332,0.741557,0.711973,0.703779,0.526191,0.534847,0.421886,0.411362,1.12953,1.08422,1.05671,42.248711
Chile,-0.040221,-0.096364,0.124412,-0.025874,-0.20273,-0.017258,-0.071417,0.013151,0.065106,0.057265,-0.114033,0.011746,-0.254118,-0.253737,-0.192636,-0.300832,-0.231075,-0.201121,-0.206138,-0.170715,-0.322281,-0.240817,-0.27313,-0.470722,-0.565224,-0.499843,-0.452327,-0.336225,-0.397569,-0.365605,-0.296188,-0.197503,-0.236143,-0.22503,-0.123718,-0.122233,-0.120653,-0.097452,-0.089827,-0.069191,-0.150324,-0.150391,-0.196433,-0.171878,-0.22253,-0.222266,-0.244314,-0.328124,-0.333627,-0.499261,-0.532363,0.0316813,0.0611241,0.0443139,-10.5226617
China,0.554406,0.523755,0.475237,0.511791,0.564777,0.541641,0.56752,0.525819,0.514375,0.543544,0.497583,0.484235,0.341003,0.278706,0.291819,0.299534,0.320765,0.320562,0.313648,0.282005,0.27951,0.23883,0.147123,0.134055,0.246918,0.234761,0.254205,0.284872,0.269057,0.170488,0.089156,0.234956,0.221438,0.328308,0.254555,0.233022,0.307929,0.378568,0.41801,0.442061,0.452979,0.474971,0.587449,0.632635,0.715732,0.753508,0.774908,0.909906,1.00792,1.04036,1.16379,0.60941,0.642376,0.691307,24.377798
Colombia,-0.412196,-0.244653,0.116634,-0.020913,-0.168593,-0.360003,-0.193596,-0.118563,-0.088109,0.106428,0.253689,0.267366,0.141144,-0.015421,-0.191699,-0.15778,-0.220389,-0.021815,0.198478,0.198326,0.256464,0.059858,-0.04428,-0.190655,-0.178329,-0.108131,-0.183715,-0.086006,-0.040668,-0.092689,-0.137058,-0.057388,-0.052715,0.003091,-0.033018,0.065018,0.130317,0.154886,0.165579,0.141137,0.108143,0.108932,0.053324,0.024946,0.220323,0.21155,0.18691,-0.001219,0.049744,-0.234596,-0.194463,0.0953318,0.11439,0.144356,-0.2722952
Costa Rica,-0.019055,0.50225,0.544684,0.687943,0.659682,0.543581,0.585106,0.474371,0.577735,0.53157,0.619416,0.607385,0.383784,0.301146,0.30829,0.354579,0.359232,0.284733,0.214813,0.151419,0.122502,-0.05328,-0.158359,-0.123305,-0.00306,-0.003063,-0.07688,-0.013234,-0.004627,-0.039951,-0.155692,-0.202471,-0.259614,-0.11906,-0.143079,-0.11122,-0.046819,-0.057797,0.102606,0.010613,-0.004518,0.006471,-0.074199,-0.022522,0.076485,0.099231,0.10939,0.024263,0.247592,0.158575,0.093993,0.135131,0.231586,0.237988,8.65634
Cote d'Ivoire,-0.915735,-0.718535,-0.998812,-0.947142,-1.00629,-1.18414,-1.10706,-1.23779,-1.14784,-1.18693,-1.3391,-1.1907,-1.5193,-1.17047,-1.18251,-1.04431,-1.08692,-1.02644,-1.16171,-0.930862,-1.03352,-0.966269,-1.40121,-1.51558,-1.37116,-1.2969,-1.34105,-1.34779,-1.5516,-1.69313,-1.56816,-1.53247,-1.2875,-1.37382,-1.26317,-1.30078,-1.156,-1.08336,-1.14553,-1.23738,-1.27946,-1.2167,-1.31008,-1.29502,-1.26803,-1.36195,-1.4005,-1.20641,-1.0558,-1.05279,-1.17654,-0.965066,-0.987537,-1.12772,-65.272578
Croatia,,,,,,,,,,,,,,,,,,,,,,,,,,,,,1.00807,0.889459,0.818057,0.824962,0.74655,0.727172,0.677189,0.632074,0.665432,0.631126,0.638124,0.645311,0.681113,0.735727,0.787117,0.842586,0.806099,0.853091,0.926024,0.91927,0.92595,0.822129,0.837178,0.657789,0.666972,0.623091,19.987662
Cuba,,,,,,,,,,,,,,,,,,,,,,,,,,,,,,,,,,,,,,,,,,,,,,,,,,,,,-0.274702,-0.379871,-0.654573
Czech Republic,,,,,,,,,,,,,,,,,,,,,,,,,,,,,,1.33772,1.39329,1.4509,1.42569,1.40372,1.43721,1.48955,1.5289,1.52518,1.56631,1.55938,1.53388,1.54784,1.55209,1.52445,1.5676,1.56901,1.55689,1.69489,1.68896,1.53381,1.52129,1.67011,1.66047,1.6431,38.38224
Democratic Republic of the Congo,,,,,,,,,,,,,,,,,-1.49539,-1.57941,-1.49485,-1.5312,-1.34137,-1.24149,-1.30384,-1.45864,-1.24313,-1.20444,-1.14496,-1.17493,-1.46347,-1.43311,-1.38968,-1.32594,-1.32809,-1.38505,-1.33985,-1.52529,-1.27315,-1.1108,-1.10486,-1.1042,-1.16123,-1.34175,-1.35887,-1.17151,-1.11877,-1.23828,-1.06271,-1.06695,-1.29544,,,,,,-42.81265
Denmark,1.43533,1.46002,1.31681,1.31177,1.30555,1.32305,1.38827,1.35966,1.37284,1.35135,1.29079,1.32153,1.2192,1.22964,1.32044,1.34456,1.36878,1.35121,1.36344,1.37149,1.39044,1.50081,1.48869,1.50483,1.56451,1.62226,1.6333,1.69053,1.76411,1.72646,1.77819,1.59706,1.52388,1.51091,1.49822,1.58105,1.58813,1.56798,1.54904,1.50739,1.50872,1.4818,1.44935,1.40257,1.33589,1.30232,1.29129,1.2369,1.13685,0.995356,0.95349,1.23141,1.21947,1.1577,76.096636
Dominican Republic,-0.697067,-1.10972,-0.666334,-0.73996,-0.826126,-0.558,-0.688536,-0.443618,-0.40791,-0.255854,-0.111751,-0.217707,-0.26608,-0.269721,-0.055693,-0.15358,-0.198638,-0.241778,-0.242779,-0.179084,-0.332858,-0.178757,-0.151004,-0.110589,-0.130617,-0.248173,-0.298144,-0.314759,-0.270596,-0.507464,-0.598513,-0.496314,-0.469361,-0.453478,-0.558683,-0.7221,-0.55851,-0.502652,-0.541407,-0.469881,-0.300896,-0.332228,-0.211474,-0.222327,-0.167914,-0.225693,-0.237717,-0.26414,-0.256286,-0.406432,-0.40546,-0.422355,-0.382253,-0.363374,-20.442345
Ecuador,-0.389189,-0.456346,-0.684339,-0.782771,-0.891331,-0.911034,-0.998564,-1.07145,-1.11334,-1.04445,-0.934708,-1.04695,-1.16866,-1.18658,-1.32066,-1.11174,-0.644096,-0.780416,-0.691914,-0.878952,-0.897574,-1.10442,-1.2186,-1.20318,-1.00988,-0.967277,-0.93695,-0.967018,-1.02447,-0.955749,-0.968503,-1.0181,-1.06839,-1.01785,-0.97281,-0.888551,-0.841814,-0.871608,-0.878596,-0.856247,-0.846191,-0.77456,-0.851284,-0.834038,-0.803638,-0.867623,-0.7082,-0.770023,-0.708563,-1.06674,-1.30875,-0.768335,-0.950771,-0.933232,-49.967025
Egypt,-0.221166,-0.255621,-0.121717,-0.086774,-0.152495,-0.214962,-0.136492,-0.026385,0.084044,0.118683,0.063234,0.077666,0.061756,0.061075,-0.00279,-0.154764,-0.377018,-0.558607,-0.537723,-0.404609,-0.492947,-0.458009,-0.370879,-0.47398,-0.399866,-0.451679,-0.535157,-0.439201,-0.324477,-0.374028,-0.403994,-0.446871,-0.46767,-0.535714,-0.51622,-0.409572,-0.367532,-0.432688,-0.40861,-0.368092,-0.351883,-0.313441,-0.225445,-0.220008,-0.203256,-0.246454,-0.222178,-0.289977,-0.321576,-0.488663,-0.341403,-0.376617,-0.346329,-0.319753,-15.728834
El Salvador,0.372131,0.354408,0.336836,0.443734,0.579651,0.547753,0.565368,0.554931,0.678434,0.681508,0.659586,0.610358,0.368276,0.274197,0.331769,0.286214,0.192411,0.293248,0.366672,0.345506,0.148986,-0.559493,0.294898,0.472801,0.319616,0.296832,0.322887,0.278094,0.400187,0.240982,0.148981,-0.018033,-0.191735,-0.111639,-0.014612,-0.030598,-0.077975,-0.09812,-0.125807,-0.102685,-0.094959,-0.080838,-0.116526,-0.189023,-0.061823,-0.081826,-0.049824,-0.117335,-0.007233,-0.145168,-0.070683,-0.518145,-0.491815,-0.336211,8.075149
Estonia,,,,,,,,,,,,,,,,,,,,,,,,,,,,,0.154759,0.217702,0.256368,0.457924,0.545415,0.514904,0.547724,0.474429,0.502223,0.584589,0.498964,0.515964,0.562663,0.674146,0.694548,0.713069,0.710075,0.716777,0.704934,0.746338,0.76017,0.68394,0.752262,0.86561,0.843983,0.898422,15.597902
Ethiopia,-0.902296,-0.742513,-0.879627,-0.853689,-0.932435,-0.87046,-1.02267,-1.03374,-1.15615,-1.07269,-1.03366,-0.994609,-1.02621,-1.05803,-1.07115,-1.19928,-1.17153,-1.05514,-0.7192,-0.758394,-0.70973,-0.775537,-0.969597,-0.812948,-0.964332,-0.971688,-0.932032,-1.04104,-1.0629,-0.916323,-0.729946,-1.02858,-1.20396,-1.33563,-1.34347,-1.08673,-1.09717,-0.99011,-0.933984,-0.93631,-1.1606,-0.937456,-1.05951,-1.14921,-1.3133,-1.30834,-1.2717,-1.26465,-1.15076,-1.46341,-1.56239,-1.31886,-1.30394,-1.27445,-56.934066
Finland,1.47829,1.41401,1.4211,1.32294,1.38039,1.45759,1.42408,1.35226,1.37407,1.34622,1.41397,1.41914,1.27995,1.29729,1.34838,1.35975,1.46544,1.36337,1.43566,1.47076,1.44496,1.58759,1.57979,1.69034,1.65903,1.7338,1.8112,1.81157,1.8564,1.89635,1.9172,1.87757,1.93772,1.90875,1.89548,1.89805,1.85628,1.85446,1.86151,1.80769,1.81559,1.80046,1.77725,1.77327,1.75639,1.71426,1.67979,1.71439,1.61173,1.57477,1.49895,1.77048,1.72464,1.70679,87.62916
France,1.79019,1.76682,1.73585,1.7497,1.75071,1.73018,1.73046,1.69848,1.66878,1.61751,1.65195,1.58377,1.49599,1.54568,1.62775,1.68432,1.6675,1.61752,1.64914,1.64592,1.65194,1.75725,1.71191,1.69556,1.62,1.64251,1.58344,1.62708,1.71048,1.72926,1.71064,1.69969,1.60763,1.58323,1.54483,1.56021,1.58127,1.58792,1.60699,1.60873,1.55541,1.54456,1.50134,1.47143,1.46951,1.46536,1.45099,1.43611,1.36854,1.24155,1.15748,1.41803,1.40465,1.38964,86.10339
Gabon,-1.32597,-1.37709,-1.51319,-1.45307,-1.24293,-1.41464,-1.24468,-1.62498,-1.3714,-1.58036,-1.60746,-1.88408,-1.66631,-1.53803,-1.31778,-1.39642,-1.37809,-1.48457,-1.5229,-1.56763,-1.49385,-1.1978,-1.39269,-1.51237,-1.49476,-1.22518,-1.34855,-1.35225,-1.12944,-1.46737,-1.60925,-1.34952,-1.25007,-1.5865,-1.55086,-1.14666,-1.18934,-0.920493,-1.26716,-1.6291,-0.956786,-1.31646,-1.26555,-0.961084,-0.693013,-0.749222,-1.09114,-0.829728,-1.36163,,,-1.06145,-1.36159,-1.22477,-69.497216
Georgia,,,,,,,,,,,,,,,,,,,,,,,,,,,,,-0.21613,-0.039227,-0.014192,0.458729,0.37478,0.20617,0.172483,0.238245,0.211482,0.217142,0.138305,0.178932,-0.17425,-0.18585,-0.305433,-0.257126,-0.480803,-0.332959,-0.285249,-0.152888,-0.168891,-0.419841,-0.457954,-0.13572,-0.104348,-0.0587891,-1.5933821
Germany,2.3398,2.35278,2.26339,2.28536,2.29043,2.28258,2.30919,2.24741,2.29945,2.31199,2.1881,2.0945,1.88162,1.91189,1.98571,2.13579,2.0861,2.01825,1.98445,1.98972,2.04753,2.13019,2.13913,2.16696,2.17723,2.19761,2.19821,2.22515,2.32404,2.28213,2.29872,2.30351,2.33549,2.25612,2.20218,2.26714,2.26168,2.23828,2.2377,2.19574,2.20445,2.15958,2.11126,2.01485,1.95078,1.91653,1.88894,1.9408,1.87347,1.84608,1.81367,2.09809,2.08459,2.07537,115.72171
Ghana,-1.01263,-0.763002,-1.04538,-0.953906,-0.773767,-0.851496,-1.05177,-0.993839,-1.04168,-1.17829,-1.29589,-1.17729,-1.42182,-1.52408,-1.19743,-1.19881,-1.07721,-1.16804,-1.40758,-1.09926,-1.22104,-0.999115,-0.99126,-1.16508,-1.16574,-1.13832,-1.10949,-1.43848,-1.54193,-1.57914,-1.66955,-1.64302,-1.36653,-1.27141,-1.23054,-1.34344,-1.29443,-1.17101,-1.13735,-1.24972,-1.35863,-1.38268,-1.22288,-1.05022,-1.01148,-0.965165,-1.12736,-1.05444,-1.00907,-1.27263,-1.47184,-1.04762,-1.21682,-1.15388,-64.30448
Greece,-0.052428,0.137747,0.232929,0.133309,0.172181,0.117929,0.263971,0.314837,0.221012,0.201106,0.32517,0.415036,0.555026,0.47587,0.447339,0.272871,0.141741,0.317374,0.354312,0.415651,0.382953,0.315273,0.279589,0.289679,0.219048,0.095416,0.152017,0.143166,0.081695,0.099136,-0.006531,0.006074,0.029853,0.151935,0.179631,0.146522,0.159244,0.205573,0.190595,0.221214,0.210503,0.233397,0.172724,0.204131,0.176237,0.246401,0.243817,0.052732,-0.02161,-0.210378,-0.167862,0.113201,0.106201,0.125884,10.290443
Guatemala,-0.206609,-0.009312,0.121919,0.178804,0.205069,0.351906,0.321518,0.314459,0.240257,0.337624,0.261837,0.239749,0.064876,0.019909,0.029384,0.079735,0.103098,0.171701,0.242111,0.186049,0.072258,-0.324174,-0.110733,-0.124289,-0.114968,-0.220272,-0.140966,-0.124758,-0.099741,-0.106833,-0.040386,-0.006738,-0.09217,-0.183695,-0.234772,-0.23064,-0.221969,-0.314302,-0.397476,-0.408678,-0.353519,-0.260139,-0.295499,-0.227969,-0.119904,-0.174861,-0.207441,-0.390539,-0.293485,-0.505798,-0.412311,-0.555447,-0.57015,-0.616793,-5.155073
Guinea,-0.820637,-1.13762,-1.22868,-1.0714,-1.09043,-1.16134,-1.102,-0.846298,-1.08984,-0.884032,-1.27342,-1.36993,-1.7674,-2.19914,-1.96201,-2.18704,-1.76414,-1.69511,-1.74614,-2.18468,-2.05419,-1.72045,-1.46967,-1.82425,-1.72938,-1.78419,-1.51676,-1.36752,-1.17895,-1.28595,-1.216,-1.27707,-1.34948,-1.64311,-1.76458,-1.80391,-1.70685,-1.76285,-1.72383,-1.59046,-1.3383,-1.23361,-1.22219,-1.53055,-1.58997,-1.71668,-1.82734,-1.72675,-1.66077,,-2.17828,-1.22835,-1.44215,-1.51688,-80.562557
Honduras,-0.245086,-0.26032,-0.29557,-0.333715,-0.197737,-0.20942,-0.177444,-0.273195,-0.409435,-0.444479,-0.216776,-0.315171,-0.410047,-0.316132,-0.398216,-0.579062,-0.525357,-0.524518,-0.423259,-0.626635,-0.608498,-0.409386,-0.678372,-0.616688,-0.669397,-0.681549,-0.518993,-0.42832,-0.369167,-0.581544,-0.603182,-0.647264,-0.716076,-0.695074,-0.756757,-0.688814,-0.618441,-0.730843,-0.784403,-0.656674,-0.566724,-0.676137,-0.74113,-0.623958,-0.634949,-0.726013,-0.687012,-0.690727,-0.398168,-0.429599,-0.370913,-0.844833,-0.765916,-0.744556,-28.541651
Hong Kong,1.32078,1.23144,1.29783,1.28684,1.28635,1.26272,1.28574,1.22027,1.24999,1.37248,1.14592,1.15176,0.968926,0.889431,0.911861,0.928507,0.899815,0.830525,0.837076,0.922926,1.0832,0.99998,0.950709,0.942748,0.949503,0.898704,0.882933,0.883499,0.909419,0.613528,0.527659,0.594131,0.471498,0.489159,0.326658,0.341021,0.466488,0.617995,0.588883,0.549568,0.567609,0.574415,0.5907,0.527091,0.582715,0.498958,0.508935,0.801652,1.09895,1.26313,1.35236,0.426902,0.520167,0.594188,46.296242
Hungary,1.08002,1.18797,1.23699,1.20968,1.10248,1.02343,1.01005,1.01019,0.977467,0.962564,0.927532,0.966144,0.806986,0.854007,0.911598,0.944537,0.927901,0.950599,0.961064,0.822882,0.755505,0.782787,0.690656,0.739834,0.847892,0.833217,0.808804,0.805335,0.859383,0.856917,0.929671,1.00057,0.916166,0.92667,0.876291,0.780762,0.866768,0.992979,1.06683,1.11232,1.15856,1.17404,1.2364,1.30326,1.35814,1.3362,1.39419,1.53397,1.52192,1.43941,1.38229,1.35493,1.37204,1.38444,56.273238
India,-0.101997,-0.042813,0.027834,-0.103239,-0.069321,0.052822,0.146517,0.151577,0.111218,0.092628,0.170085,0.235067,0.260826,0.285061,0.272973,0.25889,0.27281,0.282423,0.265235,0.009795,0.231607,0.209181,0.200489,0.199895,0.126991,0.134137,0.229328,0.214645,0.189609,0.025898,-0.024145,0.066093,0.034912,0.101682,0.118969,0.196844,0.210091,0.285222,0.216505,0.176804,0.152537,0.158145,0.167513,0.168601,0.195512,0.156613,0.111379,0.091946,0.144541,-0.134587,-0.014696,0.254162,0.31413,0.359807,7.848751
Indonesia,-1.16868,-1.27578,-1.23754,-1.12068,-1.10962,-1.0897,-1.26172,-1.35609,-1.4636,-1.34541,-1.57939,-1.65005,-1.82354,-1.66825,-1.36404,-1.58526,-1.66024,-1.64905,-1.59288,-1.40417,-1.30602,-1.27708,-1.19011,-1.11041,-0.8393,-0.703247,-0.592783,-0.40801,-0.490949,-0.506392,-0.489321,-0.366439,-0.386413,-0.263329,-0.237833,-0.178447,-0.118525,-0.006918,-0.011234,-0.015577,-0.079228,-0.03753,-0.118449,-0.08396,-0.020326,-0.071984,-0.12726,-0.143199,-0.087123,-0.160233,-0.102013,-0.382548,-0.359668,-0.305644,-40.983192
Iran,-0.627008,-0.662454,-0.774142,-0.80783,-0.823465,-0.76819,-0.82755,-0.805196,-0.832824,-1.17204,-1.38935,-1.42703,-1.37322,-1.42882,-1.23625,-1.31155,-1.38935,-1.11731,-1.19522,-1.27293,-1.12454,-1.09122,-1.23982,-1.33492,-1.19445,-1.21948,-1.28483,-1.22017,-1.44223,-1.32054,-1.15496,-0.972758,-0.854963,-0.731991,-0.760938,-0.816195,-0.943975,-0.875579,-0.837151,-0.853785,-0.881575,-0.898796,-0.79443,-0.750568,-1.04616,-1.04947,-1.03542,-1.00321,-0.886393,-0.934617,,,-0.157821,-0.158038,-52.112722
Ireland,0.940408,0.989011,1.01241,1.06419,0.948167,0.879141,0.967741,1.00326,0.966161,1.01993,1.04279,1.07572,0.930576,0.950345,1.13131,1.1536,1.21233,1.27098,1.23034,1.19683,1.30511,1.34516,1.34901,1.34749,1.44454,1.47318,1.4374,1.4218,1.41595,1.43868,1.41344,1.31883,1.34091,1.37233,1.49523,1.39659,1.44934,1.45836,1.55977,1.62751,1.51601,1.3506,1.37041,1.29819,1.35691,1.37428,1.33093,1.1731,1.24971,1.28901,1.22044,1.35298,1.40903,1.40023,68.0877
Israel,0.914502,0.989905,0.772181,0.647967,0.627411,0.712611,0.617849,0.64909,0.692241,0.747705,0.77872,0.875202,0.815083,0.876125,0.856037,0.781789,0.841083,1.07216,1.08025,1.13583,1.16666,1.24422,1.18827,1.17349,1.09227,1.17841,1.15976,1.15167,1.08292,1.23457,1.22134,1.11366,1.07941,1.11492,1.14711,1.15445,1.22578,1.19289,1.10809,1.04926,1.1044,1.0958,1.04361,1.08661,1.21518,1.19138,1.09395,1.21174,1.27127,1.22703,1.14081,1.23759,1.27878,1.3146,56.075641
Italy,1.81334,1.80755,1.74434,1.86891,1.81562,1.80442,1.84658,1.81948,1.8205,1.79484,1.73502,1.66015,1.55495,1.57614,1.6234,1.69198,1.64847,1.62263,1.64022,1.65406,1.67749,1.78471,1.71372,1.73112,1.70263,1.6687,1.71993,1.71832,1.80255,1.73817,1.73744,1.68699,1.63958,1.55468,1.47994,1.49433,1.48962,1.52985,1.48036,1.37375,1.3861,1.39804,1.34865,1.29984,1.3267,1.35289,1.34589,1.33488,1.31024,1.21525,1.24155,1.11574,1.10767,1.11743,85.16735
Jamaica,-0.168693,-0.149621,-0.386714,-0.456648,-0.343456,-0.358714,-0.259814,-0.207051,-0.205072,0.028676,0.107055,-0.01524,0.082339,0.039221,0.111522,-0.108446,-0.078034,-0.013388,-0.066094,-0.132885,-0.006167,0.005884,-0.059726,-0.340469,-0.237738,-0.257262,-0.23057,-0.3999,-0.285032,-0.394466,-0.569588,-0.64307,-0.740573,-0.679477,-0.605535,-0.673412,-0.737476,-0.616227,-0.636068,-0.538303,-0.294213,-0.307798,-0.427749,-0.281016,-0.122977,-0.185574,-0.177172,-0.215289,-0.349499,-0.64931,-0.787602,-0.285952,-0.258965,-0.239734,-15.809082
Japan,2.05183,1.93529,1.87131,1.85351,1.92797,1.94451,1.97001,1.93272,1.98772,2.06442,1.89414,1.88449,1.71844,1.79081,1.83684,1.94395,1.88833,1.83755,1.81597,1.85998,2.15818,2.2608,2.32645,2.39976,2.36731,2.38974,2.39134,2.44302,2.49215,2.41259,2.54183,2.55927,2.62482,2.53902,2.48434,2.51283,2.53454,2.52662,2.61165,2.45075,2.47862,2.46767,2.40412,2.34652,2.23856,2.17852,2.11934,2.31329,2.32408,2.37352,2.31842,2.29751,2.27406,2.30938,119.48041
Jordan,0.288584,0.348411,0.378245,0.421167,0.495193,0.596004,0.597902,0.689381,0.319037,0.350396,0.359079,0.640662,1.04364,1.14715,1.10643,1.0003,0.90679,0.758856,0.820758,0.797023,0.838695,0.768842,0.518866,0.461162,0.519375,0.571932,0.329789,0.325138,-0.017063,-0.012239,0.002117,-0.026579,-0.028269,0.060741,0.156842,0.199525,0.225435,0.259856,-0.130406,-0.113429,0.012317,-0.044752,0.009857,0.116103,0.072889,0.243351,0.244437,0.161675,0.216056,-0.140418,-0.010019,-0.0543591,-0.101439,-0.149852,18.5511839
Kazakhstan,,,,,,,,,,,,,,,,,,,,,,,,,,,,,-0.420723,-0.150128,-0.170424,0.059747,0.320195,0.170617,0.133409,-0.153616,-0.260106,-0.296089,-0.213565,-0.102081,-0.271761,-0.249486,-0.208866,-0.340398,-0.457024,-0.358499,-0.463165,-0.853388,-0.787489,-0.961147,-1.00924,0.0243757,0.157371,0.0883664,-6.7731139
Kenya,-0.980498,-0.91973,-0.848143,-0.785431,-0.731571,-0.752076,-0.574831,-0.289811,-0.374348,-0.385182,-0.511042,-0.542436,-0.384282,-0.319238,-0.262464,-0.35219,-0.319034,-0.389878,-0.490322,-0.897006,-0.88951,-0.852445,-0.921978,-0.858609,-0.973226,-1.03404,-0.977025,-0.831707,-0.976501,-0.960591,-0.798098,-0.61515,-0.555286,-0.667525,-0.662768,-0.601449,-0.605449,-0.513933,-0.653247,-0.575552,-0.701251,-0.6198,-0.703524,-0.680229,-0.50892,-0.515603,-0.462247,-0.610053,-0.580113,-0.616658,-0.51908,-0.690631,-0.705736,-0.747829,-35.295276
Kuwait,-0.637334,-0.804301,-0.878879,-0.924902,-1.10223,-0.991073,-0.916529,-0.707222,-0.530043,-0.580382,-0.671988,-0.478695,0.997675,0.938192,0.66765,0.034041,0.110441,0.150772,0.191197,0.16749,-0.216007,-0.617154,0.10631,-0.187616,0.32521,0.220934,-0.142634,-0.676866,-0.586543,-0.37915,-0.534725,-0.907519,-0.637936,-0.456562,-0.548267,-0.517091,-0.386139,-0.407039,-0.300179,-0.156717,-0.11916,-0.268955,-0.163299,-0.350656,-0.576707,-0.561737,-0.273291,-0.296786,-0.436697,-1.49314,-0.836979,0.25958,0.235139,0.11607,-17.738428
Kyrgyzstan,,,,,,,,,,,,,,,,,,,,,,,,,,,,,,,,,,,,,,,,,,,,,,,,,,,,-0.430339,-0.33118,-0.286814,-1.048333
Laos,,,,,-0.815614,-0.923599,-0.641542,-0.73136,-0.92082,-0.866594,-0.909832,-0.714096,-0.68125,-0.15913,-0.116997,-0.110284,0.013824,0.088764,-0.015012,-0.501314,-0.295409,-0.041721,-0.29169,-0.400541,-0.588246,-0.278497,-0.438861,-0.62024,-0.864734,-0.781282,-0.703118,-0.817567,-0.54968,-0.647999,-0.57976,-0.806781,-1.05256,-0.928956,-0.789641,-0.843126,-1.01988,-0.891806,-0.883054,-0.820657,-0.903238,-0.957344,-0.991139,-1.01474,-1.05514,,,-1.21682,-1.19835,-1.25108,-32.528513
Latvia,,,,,,,,,,,,,,,,,,,,,,,,,,,,,-0.092093,-0.043451,-0.149621,0.046373,0.247579,0.24158,0.265352,0.314476,0.181396,0.174325,0.180464,0.311667,0.309156,0.427594,0.532376,0.549968,0.61794,0.60544,0.626987,0.600318,0.571625,0.478137,0.431584,0.629273,0.649569,0.653054,9.361068
Lebanon,-0.132,0.099963,0.201751,0.517729,0.490028,0.533752,0.647574,0.599343,0.631402,0.695391,0.761648,0.712371,0.922862,0.978699,0.932121,0.67831,0.581226,0.587277,0.666476,0.600643,0.593993,0.47897,0.557421,0.460734,0.402064,0.259094,0.222896,0.114161,0.110669,0.096162,0.126785,0.055535,-0.042066,0.014512,0.002854,-0.105666,0.009897,0.081991,0.013337,-0.056157,-0.017576,0.113553,0.169187,0.298636,0.330028,0.365837,0.253783,0.293449,0.281872,0.107992,0.177455,0.11624,0.0486427,0.0803256,17.7231763
Liberia,,,,,,,,,,,,,,,,,,,,,,,,,,,,,,,,,,,,,,,,,,,,,,,,,,,,-0.719266,-0.98089,-0.854269,-2.554425
Libya,,,,,,,,,,,,,,,,,,,,,,,,,,,,,,,,,,,,,,,,,,,,,,,,,,,,,-1.26778,-0.965428,-2.233208
Lithuania,,,,,,,,,,,,,,,,,,,,,,,,,,,,,0.117757,0.159148,0.07006,0.063567,0.262575,0.282998,0.328792,0.30198,0.279794,0.192432,0.161984,0.164931,0.196164,0.309178,0.448797,0.521501,0.571855,0.518934,0.549397,0.64032,0.722513,0.673455,0.63807,0.667051,0.627923,0.675449,10.146625
Macedonia,,,,,,,,,,,,,,,,,,,,,,,,,,,,,,0.402287,0.237408,0.251441,0.167876,0.132217,0.07125,-0.023729,-0.014313,0.004857,-0.069498,-0.172163,-0.062273,-0.107521,-0.191644,-0.17045,-0.147629,-0.093479,-0.074848,-0.165571,-0.146735,-0.323051,-0.216515,-0.39802,-0.379236,-0.290303,-1.779642
Madagascar,-0.973703,-1.00486,-1.00572,-1.04663,-1.0524,-1.05855,-1.00788,-0.962487,-0.889362,-0.937656,-1.04524,-1.1211,-1.26861,-1.26945,-1.28706,-1.21443,-1.10889,-0.979658,-1.25712,-1.36143,-1.27543,-1.24666,-1.39296,-1.29,-1.29093,-1.29473,0.075262,0.013554,-0.151469,-1.15521,-1.08774,-1.0196,-1.14395,-1.12751,-1.159,-1.1058,-1.16221,-1.08675,-1.15522,-1.20383,-1.20019,-1.18539,-1.11331,-1.08764,-0.98895,-0.99845,-1.02866,-0.831354,-0.726138,-0.823322,-0.820193,-1.49269,-1.47536,-1.45882,-57.342886
Malawi,,,,,,,,,,,,,,,,,,,,,,,,,,,,,,,,,,,,,,,,,,,,,,,,,,,,-0.438195,-0.468412,-0.768715,-1.675322
Malaysia,-0.685239,-0.737625,-0.702983,-0.500469,-0.439566,-0.579548,-0.678805,-0.882138,-0.719569,-0.86161,-0.583411,-0.574961,-0.415963,-0.291443,-0.195103,-0.304213,-0.364096,-0.39127,-0.301706,-0.158291,0.22436,0.135335,0.023944,-0.013715,-0.05365,-0.043857,0.077114,0.1658,0.252923,0.115417,0.02807,0.258514,0.330865,0.454003,0.440481,0.471149,0.64597,0.615196,0.734542,0.753853,0.854059,0.795607,0.781241,0.716039,0.691407,0.624253,0.588052,0.791729,0.91952,0.810485,0.828817,0.938148,0.995461,0.971372,6.554495
Mali,,,,,,,,,,,,,,,,,,,,,,,,,,,,,,,,,,,,,,,,,,,,,,,,,,,,-1.29791,-0.99785,-0.767797,-3.063557
Mauritania,-0.368982,-0.389639,-1.11776,-1.15008,-1.01189,-0.541496,-0.604379,-0.632401,-0.934725,-0.905246,-0.929071,-0.661912,-0.805415,-0.761595,-1.10609,-1.39294,-1.24662,-1.25527,-0.934538,-1.38224,-1.37713,-1.04673,-0.939791,-0.993936,-1.29351,-1.30447,-1.46739,-1.20645,-1.37675,-1.18484,-1.14335,-1.22374,-1.32609,-1.13999,-1.13432,-0.758452,-0.730751,-0.797881,-0.951643,-0.976701,-1.53823,-1.22737,-1.73472,-1.82521,-1.78088,-1.80625,-1.79613,-1.86292,-1.6776,,,,-0.833422,-0.963114,-57.55205
Mauritius,,,,,,,,,,,,,,,,,,,,,,,,,,,,,,,,,,,,,,,,,,,,,,,,,,,,-0.666129,-0.638339,-0.579654,-1.884122
Mexico,0.048574,0.088726,0.220775,0.031729,0.036176,0.113615,0.256898,0.348713,0.319915,0.352259,0.583489,0.646014,0.643311,0.662488,0.600371,0.533398,0.448728,0.483624,0.37141,0.350078,0.392398,0.41919,0.465516,0.649492,0.720238,0.71601,0.766842,0.684291,0.805366,0.807204,0.826065,0.785075,0.713387,0.742549,0.698187,0.78642,0.948962,0.905129,0.958907,1.02195,0.978828,0.986745,1.10303,1.06339,1.08324,0.995923,1.00189,1.00796,0.954246,0.846744,0.953003,1.15387,1.16038,1.09955,36.342268
Moldova,,,,,,,,,,,,,,,,,,,,,,,,,,,,,0.546565,0.542856,0.360477,0.284536,0.209032,0.180126,0.087567,-0.067187,-0.079771,-0.058476,-0.019165,0.042335,-0.019115,-0.071912,-0.133663,-0.072815,-0.027445,-0.045761,-0.016908,0.049706,0.115221,-0.019913,-0.103664,-0.388113,-0.475939,-0.464417,0.354157
Mongolia,,,,,,,,,,,0.297181,0.300554,0.539567,0.712628,0.6664,0.517489,0.186925,0.175424,-0.142225,-0.148033,-0.268388,-0.318123,-0.48517,-0.345683,-0.186588,-0.348805,-0.502122,-0.3254,-0.374954,-0.293334,-0.451942,-0.540687,-0.635697,-0.671654,-0.72326,-0.818503,-0.725388,-0.735884,-0.746776,-0.681431,-0.865264,-0.924295,-0.971723,-1.03852,-0.996349,-0.920288,-1.0525,-1.20509,-1.35158,-1.67769,-1.55696,-0.851358,-0.767706,-0.78801,-22.041212
Morocco,-0.169306,-0.127142,-0.249372,-0.34405,-0.387013,-0.411634,-0.315138,-0.194403,-0.18728,-0.26061,-0.329085,-0.223595,-0.229217,-0.171619,-0.153656,-0.155585,-0.167354,-0.167639,-0.136266,-0.156858,-0.139479,-0.165684,-0.197346,-0.334159,-0.299073,-0.418674,-0.384117,-0.367125,-0.359833,-0.504796,-0.668407,-0.618859,-0.768595,-0.720285,-0.786999,-0.717755,-0.656,-0.703032,-0.676159,-0.76984,-0.648625,-0.48776,-0.504934,-0.522127,-0.422183,-0.495026,-0.543964,-0.509268,-0.535805,-0.774475,-0.559651,-0.877951,-0.861004,-0.89235,-23.428162
Mozambique,-0.908401,-1.02569,-0.925499,-0.960654,-0.869069,-0.821813,-0.80825,-0.795592,-0.900928,-0.73104,-0.746801,-0.85923,-1.01832,-1.00105,-0.918985,-0.484657,-0.580247,-0.623075,-0.47178,-0.42297,-0.411569,-0.315261,-0.19087,-0.051954,-0.345335,-0.374334,-0.280503,-0.202467,-0.064139,-0.153745,-0.26666,-0.45673,-0.831413,-0.569856,-0.642561,-0.134453,-0.308848,-0.754133,-0.949386,-1.20899,-1.34734,-1.1731,-1.2241,-1.27774,-1.30539,-1.27566,-1.34061,-1.3111,-1.16195,-1.22607,-1.2084,-1.18598,-1.18114,-1.24908,-41.854918
Namibia,,,,,,,,,,,,,,,,,,,,,,,,,,,,,,,,,,,,,-0.811299,-0.753271,-0.663161,-0.554921,-0.655761,-0.805754,-0.846134,-0.936692,-0.64927,-0.455053,-0.528921,-0.602309,-0.241151,-0.328879,-0.381863,,,,-9.214439
Netherlands,1.37968,1.37785,1.33897,1.33455,1.30488,1.28544,1.28366,1.24771,1.24832,1.2507,1.1773,1.13294,1.01535,1.06845,1.07978,1.16236,1.14066,1.15826,1.11056,1.0928,1.10124,1.22685,1.25089,1.23651,1.25419,1.256,1.20143,1.26567,1.35762,1.34249,1.38627,1.31958,1.33851,1.28338,1.2877,1.27953,1.31034,1.23203,1.15767,1.21646,1.18126,1.18347,1.09357,1.09737,1.10431,1.04799,1.09691,0.952353,0.885129,0.818227,0.756212,1.31596,1.28874,1.30343,64.619511
New Zealand,0.214995,0.276908,0.291451,0.23008,0.116224,0.122129,0.136762,0.22548,0.353045,0.462662,0.405668,0.293033,0.190948,0.262797,0.290817,0.293272,0.287538,0.417413,0.411588,0.39262,0.488338,0.492142,0.529792,0.417875,0.34395,0.355489,0.318537,0.386536,0.285451,0.369015,0.424029,0.44124,0.33429,0.34167,0.359696,0.291932,0.27661,0.255177,0.192239,0.25454,0.287348,0.334674,0.348336,0.340088,0.314978,0.224349,0.14369,0.064004,0.166665,-0.096978,-0.119421,0.59338,0.488085,0.483484,16.40666
Nicaragua,-0.714044,-0.295313,-0.196804,0.02291,0.080425,0.111926,0.237144,0.158069,0.168931,0.028206,0.082136,0.05211,-0.199501,-0.255258,-0.164669,-0.105189,-0.110342,-0.232164,-0.194655,-0.193166,-0.632906,-1.08428,-0.512901,-0.238517,-0.440161,-0.480994,-0.441603,-0.601218,-0.413659,-0.365774,-0.351296,-0.611364,-0.759552,-0.658495,-0.713839,-0.793998,-0.839711,-0.75545,-0.805578,-0.807707,-0.763565,-0.820232,-0.892176,-0.900827,-0.69023,-0.690234,-0.763813,-0.883107,-0.71229,-0.955061,-1.00073,-1.31615,-1.34285,-1.33756,-27.097076
Nigeria,-1.47845,-1.55156,-1.58372,-1.50863,-1.43376,-1.6612,-1.70208,-1.86444,-2.02801,-2.01528,-2.06088,-2.09044,-2.47587,-2.21442,-2.31682,-2.2981,-2.36218,-1.97928,-2.14511,-2.03079,-2.08999,-2.07325,-2.00898,-1.73325,-1.64319,-1.72468,-2.01211,-1.84259,-2.17527,-2.01377,-2.08403,-2.08757,-2.10242,-2.15015,-2.10267,-2.0675,-2.02891,-1.99444,-1.91639,-2.05963,-2.40836,-2.32188,-2.1849,-2.06466,-2.53077,-2.76425,-2.35951,-1.71191,-1.61348,-1.73702,-1.72001,-1.60088,-1.73247,-1.90268,-107.36459
Norway,1.43712,1.42403,1.4278,1.41304,1.38974,1.38927,1.31026,1.24371,1.23394,1.38708,1.30666,1.22566,1.12291,1.20319,1.13072,1.06658,1.02257,0.966306,0.999488,0.91962,0.855352,0.876663,0.866243,0.955728,1.01949,1.03702,1.03133,0.856934,0.886433,0.855982,0.836537,0.755938,0.761752,0.829814,0.928205,0.840261,0.771729,0.712675,0.66816,0.758139,0.775049,0.757271,0.716319,0.660506,0.563568,0.588332,0.635977,0.535507,0.571734,0.614676,0.667969,1.21126,1.19882,1.09466,52.315727
Oman,-0.152937,-0.567293,-0.880721,-0.546423,-1.33728,-1.40809,-1.1488,-1.35187,-1.13284,-0.852098,-0.379688,-0.814211,1.0337,0.327238,-0.509484,-0.612259,-0.124307,-0.036912,-0.719467,0.78725,0.573659,-0.116269,-0.861732,-0.812367,-0.064174,0.288311,-0.011874,-0.263525,-0.661055,-0.732341,-0.40115,-0.67748,-0.498061,-0.685378,-0.518991,-0.615451,-0.620443,-0.947925,-0.932646,-0.745175,-0.540399,-0.792679,-0.520017,-0.267441,-0.413821,-0.385965,-0.217931,-0.431956,-0.742942,-0.874505,-0.774658,-0.297732,-0.0404026,-0.0609077,-26.0919153
Pakistan,-0.381593,-0.186295,-0.302056,-0.196449,-0.367673,-0.368162,-0.231935,-0.247639,-0.317045,-0.280222,-0.101056,-0.025431,0.031359,0.079415,0.099332,0.031184,-0.115404,-0.13179,-0.073382,-0.159002,-0.10831,-0.215134,-0.28839,-0.383374,-0.490167,-0.638552,-0.547604,-0.56875,-0.608171,-0.70854,-0.817542,-0.79391,-0.831704,-0.81523,-0.825743,-0.799512,-0.835216,-0.809969,-0.689205,-0.751032,-0.770235,-0.789144,-0.628576,-0.562095,-0.521128,-0.549741,-0.595481,-0.752351,-0.805746,-1.03613,-0.86519,-0.922811,-0.935143,-0.859978,-26.363648
Panama,0.892571,0.925952,0.931072,0.702627,0.900246,0.885879,0.933754,0.606507,0.543671,0.467348,0.483249,0.388707,0.273613,0.118599,0.190321,0.133036,0.225306,0.37013,0.390468,0.315114,0.489499,0.102947,0.097218,-0.148231,-0.097236,0.01048,0.231381,0.169473,0.329985,0.139468,0.124251,0.091303,-0.035657,-0.014804,0.022614,0.033458,0.107499,0.131178,0.081602,0.033435,0.025462,0.036751,0.120865,0.262895,0.327072,0.406595,0.456574,0.630553,0.741643,0.710402,-0.558959,0.0789054,0.124958,0.119062,16.0608114
Papua New Guinea,,,,,,,,,,,,,,,,,,,,,,,,,,,,,,,,,,,,,,,,,,,,,,,,,,,,,-1.75799,-2.00821,-3.7662
Paraguay,-0.974517,-0.757384,-0.706845,-0.493552,-0.587674,-0.674242,-0.503316,-0.492994,-0.612634,-0.481644,-0.493307,-0.402084,-0.656455,-0.531246,-0.67204,-0.767292,-0.914223,-0.900972,-0.857857,-0.69011,-0.86529,-0.795192,-0.857056,-0.798989,-0.889779,-0.88285,-0.957365,-0.972881,-0.943227,-0.961847,-0.804891,-0.612841,-0.645988,-0.682574,-0.533852,-0.50479,-0.616288,-0.633126,-0.601299,-0.566719,-0.603935,-0.516896,-0.602863,-0.582084,-0.592209,-0.511621,-0.577246,-0.619805,-0.645452,-0.982503,-1.10231,-0.63956,-0.767192,-0.676455,-37.717363
Peru,-0.867455,-0.735034,-0.566836,-0.593102,-0.697814,-0.688604,-0.907499,-0.826122,-0.795581,-0.800638,-0.711308,-0.632461,-0.532239,-0.521048,-0.600074,-0.220861,-0.165561,-0.285008,-0.38563,-0.40929,-0.420794,-0.388779,-0.293198,-0.380444,-0.24436,-0.270606,-0.3134,-0.206643,-0.322969,-0.411949,-0.52763,-0.431251,-0.425053,-0.453811,-0.519939,-0.452241,-0.454346,-0.504695,-0.537658,-0.514557,-0.648479,-0.579638,-0.554171,-0.614336,-0.635521,-0.669472,-0.63866,-0.746415,-0.742204,-1.01445,-0.956349,-0.645699,-0.565693,-0.598962,-29.626537
Philippines,-0.51525,-0.610326,-0.598227,-0.590185,-0.479011,-0.540272,-0.477216,-0.447083,-0.55777,-0.600374,-0.481102,-0.189632,-0.177066,-0.3233,-0.145795,-0.212291,-0.140206,-0.153217,-0.13915,-0.202809,-0.149925,-0.214845,-0.33671,-0.327704,-0.332234,-0.211546,-0.139151,-0.042884,0.002339,-0.146981,-0.108895,-0.119353,-0.264709,-0.193581,-0.29749,-0.278829,-0.051153,-0.067078,-0.025559,-0.005396,-0.0344,-0.119035,-0.000206,0.123978,0.193846,0.185253,0.209171,0.331523,0.394726,0.341858,0.477815,0.111666,0.220265,0.381087,-8.074419
Poland,1.04121,1.16368,1.08374,0.995543,0.882682,0.893808,0.833854,0.875648,0.844756,0.890208,0.879724,0.997645,0.868974,0.86358,0.833613,0.885866,0.983217,1.02368,1.01759,0.935998,0.70727,0.669572,0.707914,0.803996,0.80849,0.791207,0.70377,0.666141,0.542584,0.550205,0.600638,0.659829,0.752045,0.801098,0.830855,0.814231,0.902565,0.939812,0.941757,0.897007,0.899269,0.967138,0.968439,0.978851,1.0255,1.02992,1.03324,1.07468,0.960828,0.817343,0.839266,1.10641,1.09864,1.09432,47.779846
Portugal,0.994583,0.989054,0.851548,0.909755,0.895702,0.946908,0.940221,0.947728,0.897661,0.902619,0.82155,0.854045,0.69349,0.740047,0.766385,0.862483,0.84277,0.841855,0.910184,0.894749,0.786569,0.850207,0.759677,0.725108,0.75562,0.670288,0.651649,0.657358,0.6708,0.479471,0.365271,0.407458,0.403863,0.420509,0.461456,0.448254,0.54534,0.554852,0.539252,0.488495,0.559365,0.627309,0.638432,0.637016,0.677586,0.6909,0.706405,0.650139,0.6184,0.433862,0.4937,0.255319,0.26363,0.258555,36.655452
Qatar,0.305953,-0.149036,-0.410999,-1.56943,-1.61823,-0.645333,-0.07853,0.046028,0.609986,-0.700533,-0.961946,-1.13544,0.343811,-0.027909,-0.796915,0.112702,0.307791,-0.195983,-0.301367,-0.091036,0.05032,0.370036,0.507998,0.329535,0.292962,0.271141,0.101576,-0.28138,-0.455776,-0.618398,-0.322743,-0.619172,-0.606565,-0.709645,-0.67805,-0.829927,-0.566883,-0.488146,-0.309149,-0.418974,0.1045,0.024745,-0.164568,-0.052826,-0.332957,-0.175169,-0.321962,-0.395827,-0.390929,-0.41667,-0.264365,0.322636,0.499297,0.396207,-13.105544
Republic of the Congo,-0.930207,-0.777529,-1.01512,-0.85448,-0.857768,-0.844418,-0.96419,-0.964024,-1.07979,-1.17314,-1.22077,-1.21109,-1.51863,-1.50926,-1.24883,-1.13528,-1.19202,-1.66323,-1.67642,-1.69718,-1.68953,-1.57239,-1.59555,-1.56447,-1.35371,-1.48802,-1.50959,-1.61876,-1.5417,-1.45875,-1.52143,-1.41008,-0.845544,-1.29766,-1.24502,-1.45647,-1.42348,-1.25988,-1.30159,-1.35403,-1.41438,-1.56017,-1.6858,-1.82685,-1.89518,-1.79244,-1.77145,-1.21695,-1.12329,-0.675039,-0.730753,-1.03802,-1.07835,-0.898092,-70.747794
Romania,0.280962,0.386979,0.319795,0.404673,0.464902,0.633043,0.606859,0.697563,0.740619,0.774934,0.671174,0.621123,0.605972,0.620529,0.703638,0.696607,0.607707,0.648055,0.722751,0.69736,0.696714,0.764502,0.780271,0.758278,0.804159,0.806016,0.798893,0.693089,0.607645,0.55807,0.426141,0.469295,0.48008,0.467421,0.491754,0.464376,0.474142,0.441733,0.459015,0.373828,0.320218,0.42384,0.493627,0.673123,0.731384,0.685378,0.698277,0.73466,0.70694,0.751166,0.787654,0.561038,0.620618,0.713669,32.622259
Russia,,,,,,,,,,,,,,,,,,,,,,,,,,,,,-0.09975,0.057938,0.061145,0.148674,0.297075,0.469322,0.593549,0.600178,0.556283,0.580501,0.515668,0.65224,0.568381,0.557305,0.607811,0.510294,0.262064,0.236851,0.153215,0.009965,0.077047,0.048022,0.008439,0.855036,0.8547,0.852045,10.033998
Saudi Arabia,-0.529598,-0.67636,-0.831977,-0.847359,-0.943115,-0.62291,-0.879255,-1.01507,-0.924268,-1.46699,-1.89302,-1.88804,-1.48968,-1.87989,-2.29486,-1.71692,-2.1413,-2.17624,-2.17477,-0.392052,-0.746958,-1.2505,-0.779577,-0.22444,-0.209904,-0.027672,0.010843,0.152447,-0.207551,-0.241864,0.154833,0.042888,-0.004363,-0.142044,0.245782,0.133691,-0.104429,-0.047194,-0.054635,0.104983,0.155848,-0.074557,-0.14292,-0.153061,-0.587461,-0.424999,0.159707,-0.074789,-0.07214,-0.462099,-0.369927,0.870754,0.819673,0.747155,-29.588154
Senegal,-0.622882,-0.621901,-0.546367,-0.45705,-0.377609,-0.425614,-0.503889,-0.449499,-0.308306,-0.311544,-0.338371,-0.328214,-0.612047,-0.472473,-0.564835,-0.521327,-0.502146,-0.22909,-0.164245,-0.158381,-0.622272,-0.521592,-0.609679,-0.710488,-0.726655,-0.637763,-0.788705,-0.712496,-0.880943,-0.92972,-1.09304,-0.794811,-1.14286,-0.839209,-0.973323,-0.87581,-0.793548,-0.888731,-0.931708,-0.972446,-0.872446,-0.809369,-0.821983,-0.889482,-0.910768,-1.00621,-1.09485,-0.810511,-0.622244,-0.744196,-0.721723,-0.498182,-0.583953,-0.518687,-35.866193
Serbia,,,,,,,,,,,,,,,,,,,,,,,,,,,,,,,,,,,,,,,,,,,0.620072,0.678498,0.63928,0.658953,0.621737,0.590053,0.562507,0.361921,0.366673,0.520936,0.546327,0.532947,6.699904
Singapore,0.399384,0.273399,0.176202,0.23718,0.256625,0.131842,0.063316,0.010946,0.207166,0.286793,0.296666,0.29783,0.318454,0.40171,0.274431,0.169053,0.160756,0.216724,0.277628,0.345051,0.636899,0.516443,0.703919,0.623209,0.671827,0.648095,0.722376,0.761109,0.941948,0.857566,0.940113,1.0629,1.08779,0.983781,1.09548,1.32845,1.55217,1.51534,1.62663,1.53699,1.63902,1.5652,1.46932,1.55653,1.49843,1.57804,1.58854,1.68651,1.70347,1.71717,1.71171,1.746,1.79973,1.86534,47.739201
Slovakia,,,,,,,,,,,,,,,,,,,,,,,,,,,,,,1.20247,1.23843,1.26368,1.21663,1.23372,1.2153,1.20047,1.24483,1.2636,1.23843,1.20213,1.20926,1.28788,1.27784,1.20851,1.26737,1.271,1.35695,1.37252,1.3272,1.21794,1.20436,1.31956,1.34513,1.3402,31.52541
Slovenia,,,,,,,,,,,,,,,,,,,,,,,,,,,,,1.43562,1.38116,1.39101,1.42703,1.3489,1.34636,1.306,1.34999,1.39814,1.45239,1.42297,1.42282,1.55648,1.54609,1.49585,1.44105,1.39082,1.41407,1.38479,1.46906,1.43073,1.4359,1.41088,1.42499,1.44739,1.4319,36.96239
South Africa,-0.256571,-0.350745,-0.246495,-0.283275,-0.383453,-0.409667,-0.365206,-0.288454,-0.290437,-0.299252,-0.290143,-0.25239,-0.320777,-0.153402,-0.225034,-0.149801,-0.085272,-0.082639,-0.084774,-0.113556,-0.195382,-0.188012,-0.100059,-0.254265,-0.307473,-0.348081,-0.24657,-0.168412,-0.025986,0.024123,0.113564,0.108519,0.172478,0.252567,0.233557,0.266418,0.195963,0.102827,0.055371,0.128366,0.094685,0.16654,0.237984,0.165269,0.142773,0.074112,0.119045,0.016592,-0.023795,-0.192079,-0.204966,0.303549,0.28477,0.268797,-3.658554
South Korea,0.651934,0.689753,0.829615,0.773875,0.708068,0.732955,0.621873,0.627842,0.626045,0.761627,0.821309,0.829413,0.753741,0.682189,0.767752,0.819243,0.85489,0.902423,0.885554,0.870192,0.925091,0.938733,0.903033,0.919086,0.946263,0.834166,0.898145,0.876456,0.941965,0.821888,0.855669,0.9454,1.02663,1.14944,1.03141,1.10914,1.19698,1.23895,1.29563,1.31421,1.27258,1.41097,1.52046,1.54709,1.52745,1.49631,1.57505,1.70696,1.64658,1.82762,1.90646,1.65462,1.69142,1.77613,57.938278
Spain,0.593436,0.584555,0.603584,0.643186,0.602475,0.805464,0.864415,0.916294,0.921629,0.903208,0.950058,0.9951,0.821651,0.913434,1.00921,1.05235,1.06151,1.04731,1.08526,1.12307,1.12951,1.22884,1.11757,1.14212,1.14524,1.19786,1.19007,1.14192,1.21133,1.25191,1.22672,1.26353,1.19306,1.17464,1.09293,1.05449,1.10231,1.14719,1.15073,1.04465,1.04322,1.0347,1.02466,1.02372,1.01644,1.02007,1.01742,0.980784,0.842403,0.700457,0.701443,0.820536,0.80013,0.777415,53.507217
Sri Lanka,-1.19702,-1.14666,-1.12994,-1.05778,-1.11778,-0.908343,-0.94655,-1.0083,-1.11622,-0.898494,-0.983562,-0.887723,-1.05163,-0.851707,-0.807947,-0.61599,-0.585217,-0.603583,-0.640165,-0.670908,-0.527826,-0.558963,-0.449493,-0.630882,-0.49977,-0.620797,-0.482596,-0.446405,-0.319451,-0.474121,-0.655767,-0.681331,-0.818788,-0.782064,-0.70323,-0.60947,-0.549153,-0.575275,-0.618172,-0.62927,-0.59254,-0.543395,-0.49913,-0.429014,-0.413415,-0.404041,-0.462231,-0.482129,-0.368732,-0.530163,-0.369437,-1.05527,-0.972538,-0.901589,-37.881967
Sudan,-1.35926,-1.38004,-1.20651,-1.36767,-1.18166,-1.39571,-1.30781,-1.54086,-1.3197,-1.2759,-1.01438,-1.05126,-1.17056,-1.25543,-1.29886,-1.19936,-1.25879,-1.14672,-1.06056,-1.08322,-1.11237,-0.836808,-1.08179,-0.933388,-1.12616,-1.18061,-0.97173,-0.769087,-0.934142,-1.00416,-0.884069,-0.919266,-0.97249,-0.996098,-1.21251,-1.15646,-1.44871,-1.48732,-1.4476,-1.5408,-1.57514,-1.82539,-1.99046,-2.07678,-1.94729,-2.02485,-1.8002,-1.93445,-1.65831,-1.873,-1.84461,-1.53738,-1.63482,-1.45787,-72.070378
Sweden,2.17513,2.06048,2.02008,2.06452,2.05498,1.97973,1.98691,1.91456,2.03225,2.0072,1.97976,1.94479,1.78681,1.81863,1.91341,1.95309,1.92992,1.93062,1.89183,1.88134,1.91398,2.0021,2.02929,2.06501,2.08118,2.1338,2.16649,2.18277,2.25942,2.22944,2.21793,2.14061,2.15152,2.10031,1.96355,1.9692,1.97269,1.98924,2.0381,2.09665,2.08697,2.02943,1.94426,1.91852,1.89436,1.80167,1.75419,1.80518,1.75179,1.75214,1.6459,1.92429,1.86277,1.80773,107.00852
Switzerland,2.18665,2.18988,2.12901,2.12217,2.1625,2.09088,2.13549,2.01508,2.04004,1.98867,1.93517,1.82118,1.69141,1.73321,1.813,1.99453,2.00572,1.92464,1.79668,1.83181,1.97263,2.0112,2.04334,2.1349,2.08125,2.10865,2.20354,2.25586,2.32899,2.28569,2.24492,2.26769,2.2797,2.22311,2.20498,2.20565,2.18502,2.24412,2.19269,2.12764,2.05783,2.06907,2.05479,1.99311,1.92034,1.91828,1.91575,1.95964,2.01041,2.05181,1.99456,2.15805,2.22117,2.24386,111.77796
Syria,-0.67562,-0.366523,-0.201459,-0.29768,-0.255758,-0.502398,-0.433337,-0.289283,-0.387965,-0.35571,-0.202059,-0.12899,0.700835,0.769084,0.720633,0.165746,-0.402598,-0.359806,-0.1311,-0.30833,-0.229593,-0.357534,-0.282584,-0.41874,-0.424702,-0.508874,-0.540398,-0.474933,-0.733972,-0.92472,-0.734558,-0.91366,-1.08399,-1.05905,-1.0725,-1.05652,-1.02673,-1.04357,-1.08415,-0.941886,-0.86175,-0.749744,-0.694426,-0.685109,-0.528191,-0.499214,-0.507876,-0.670493,,,,,-0.633554,-0.744963,-24.430302
Tajikistan,,,,,,,,,,,,,,,,,,,,,,,,,,,,,,,,,,,,,,,,,,,,,,,,,,,,-1.17436,-1.03731,-1.10384,-3.31551
Tanzania,-1.42834,-1.27937,-1.33051,-1.29203,-1.23856,-1.30574,-1.23245,-1.25281,-1.27276,-1.16077,-1.24789,-1.25273,-1.24371,-1.13742,-1.22402,-1.11669,-0.88241,-0.881603,-0.793757,-1.14815,-1.05332,-0.890427,-0.922606,-1.01029,-1.21869,-1.15103,-1.09958,-1.20393,-1.1225,-1.21508,-1.13622,-1.26575,-1.31053,-1.21963,-1.29562,-1.15902,-1.27194,-1.23882,-1.27368,-1.14524,-1.19819,-1.17276,-1.19109,-1.17687,-1.1291,-1.0167,-1.07147,-0.995243,-0.730645,-0.919298,-1.03347,-0.879252,-0.97857,-1.01705,-61.435331
Thailand,-0.901017,-0.968943,-0.974265,-1.02722,-0.870876,-0.841727,-0.826566,-0.852995,-0.778683,-0.636195,-0.512015,-0.51068,-0.484416,-0.40357,-0.269411,-0.199437,-0.178685,-0.152445,-0.174918,-0.322116,-0.021323,-0.053782,-0.196221,-0.165517,-0.059027,-0.058231,0.028856,0.059329,0.181246,0.140791,0.114266,0.134664,0.08527,0.170387,0.14429,0.249545,0.371248,0.393173,0.435905,0.418108,0.446709,0.463214,0.433048,0.491304,0.510058,0.606687,0.736971,0.870845,0.964292,0.87724,0.955651,0.590169,0.650521,0.711704,-0.20479
Togo,-0.983611,-1.16107,-1.16147,-0.982953,-1.01094,-1.36065,-1.07225,-0.6516,-0.533978,-0.462118,-0.765912,-0.549275,-0.861637,-0.911725,-1.19283,-1.0105,-1.31044,-1.26752,-1.57902,-1.63595,-1.50714,-1.58361,-1.37642,-1.40066,-1.47951,-1.42253,-1.30555,-0.74779,-0.852755,-0.75393,-1.28427,-1.377,-1.31135,-1.12366,-0.993679,-1.23014,-0.983632,-0.560002,-0.471307,-0.676074,-0.758799,-0.856163,-0.931563,-0.895164,-0.707087,-0.825125,-0.965744,-0.837184,-0.778208,-0.671987,-0.462205,,,,-51.595687
Trinidad and Tobago,-0.368787,-0.469977,-0.279269,-0.183314,0.019173,0.136406,0.01314,0.351749,0.44187,0.254467,0.171132,-0.091113,-0.254482,-0.503068,-0.179923,-0.395649,-0.693578,-0.282267,-0.195771,-0.113493,-0.194203,-0.226116,0.094595,-0.077639,-0.024489,0.21133,0.144432,0.23397,0.152904,0.280493,0.224247,-0.019194,0.049676,0.01063,0.1096,0.080107,-0.013316,0.058879,0.096957,0.071435,0.003869,0.033114,-0.015152,-0.153895,-0.665608,-0.578275,-0.466174,-0.567857,-0.858712,,,-0.219598,-0.174918,-0.0506048,-5.0722668
Tunisia,-0.262712,-0.25883,-0.181228,-0.299681,-0.239807,-0.084226,-0.134677,-0.214765,-0.277761,-0.191241,-0.109595,-0.026107,-0.171232,-0.242852,-0.263188,-0.163192,-0.078853,-0.044769,0.097075,0.092105,0.071816,0.076952,0.064443,0.128234,0.130735,-0.025771,-0.030626,-0.114127,0.028,-0.047817,-0.13953,-0.149132,-0.454045,-0.521211,-0.487393,-0.371227,-0.335308,-0.176462,-0.17907,-0.316525,-0.279088,-0.159174,-0.131907,-0.002222,0.045962,-0.002907,0.073213,0.233429,0.291069,0.16411,0.214778,-0.323836,-0.323494,-0.287626,-6.391293
Turkey,-0.771236,-0.693839,-0.715804,-0.835135,-0.864073,-0.850097,-0.545683,-0.515846,-0.467437,-0.337298,-0.289211,-0.23484,0.015191,-0.036495,-0.113783,-0.141234,-0.088335,0.064652,0.267097,0.422683,0.18852,0.14437,0.118645,0.219343,0.270537,0.158364,0.143942,0.150355,0.175993,0.092905,0.035269,0.102971,0.003711,0.099291,0.065294,0.08533,0.096253,0.103766,0.05963,0.176945,0.177247,0.252509,0.366668,0.413431,0.434059,0.408188,0.432695,0.42938,0.450234,0.287393,0.378481,0.133999,0.150909,0.175726,0.25163
Turkmenistan,,,,,,,,,,,,,,,,,,,,,,,,,,,,,-0.53812,-0.83731,-0.920734,-0.737921,-0.795773,-0.613978,-0.792971,-0.815293,-0.995334,-1.1145,-0.943435,-0.952721,-0.940244,-0.915679,-0.757745,-0.917194,-0.891974,-0.8061,-0.783954,-1.00593,-1.09788,,,-1.48447,-1.27173,-1.19506,-22.12605
Uganda,,,,,,,,,,,,,,,,,,,,,,,,,,,,,,,,,,,,,,,,,,,,,,,,,,,,-0.379853,-0.383244,-0.512514,-1.275611
Ukraine,,,,,,,,,,,,,,,,,,,,,,,,,,,,,0.056669,0.127406,0.122931,0.062267,0.568178,0.5933,0.647333,0.562931,0.484355,0.458828,0.475434,0.488237,0.551859,0.595211,0.553144,0.601226,0.551676,0.526113,0.51783,0.480965,0.469842,0.28954,0.268345,0.658954,0.619115,0.556886,11.888575
United Arab Emirates,,,,,1.02527,0.693872,-0.734606,-0.325083,-0.483392,-1.16526,-0.491762,-1.15238,1.02117,0.786587,0.216543,-0.105964,0.171413,-0.075462,-0.47584,-0.706481,-0.476698,-0.392549,-0.085901,-0.11452,-0.011708,0.062544,-0.222188,-0.307082,-0.419576,-0.458894,-0.422395,-0.350496,-0.41129,-0.242739,-0.291874,-0.306447,-0.407031,-0.447912,-0.312063,-0.157405,-0.090661,-0.085822,0.027597,-0.021976,-0.087372,-0.090659,0.022855,0.030733,-0.009763,-0.090032,-0.362895,0.124122,0.0911202,0.128674,-7.9916778
United Kingdom,2.07395,2.05671,1.98672,2.03884,2.0158,2.03973,2.0578,2.03752,2.03438,2.04552,1.93043,1.8346,1.6602,1.72792,1.79062,1.84999,1.85741,1.8527,1.82493,1.81516,1.87932,1.91522,1.86948,1.84502,1.8197,1.85354,1.8885,1.92482,1.94726,1.90245,1.8913,1.81848,1.80903,1.82057,1.83921,1.95509,1.97386,1.9704,1.99456,1.94824,1.89629,1.77065,1.72653,1.7096,1.67044,1.61184,1.57193,1.54878,1.49378,1.45544,1.40296,1.6425,1.5493,1.53259,98.97961
United States,1.76765,1.78979,1.73973,1.75501,1.80736,1.82113,1.75874,1.69342,1.71798,1.67185,1.63622,1.52574,1.40271,1.48685,1.44382,1.50259,1.5004,1.51882,1.46216,1.45447,1.60668,1.65658,1.68473,1.62452,1.52115,1.53479,1.50659,1.62518,1.69659,1.73991,1.82759,1.77051,1.83305,1.82767,1.81703,1.85634,1.86251,1.85189,1.87944,1.85046,1.76594,1.74324,1.66414,1.62483,1.58866,1.53293,1.49428,1.49138,1.45359,1.43702,1.30167,1.8166,1.78168,1.75541,89.48102
Uruguay,0.16825,0.265711,0.305691,0.278787,0.335919,0.180582,0.261768,0.298024,0.271904,0.322398,0.405485,0.408375,0.429916,0.348066,0.276794,0.33441,0.34675,0.308764,0.336185,0.288617,0.349433,0.435058,0.398713,0.404771,0.343907,0.208406,0.133127,0.065365,0.036769,0.137513,0.287779,0.317795,0.281436,0.186327,0.192193,0.150169,0.151318,0.11815,0.023785,0.096728,-0.045061,0.017114,0.009544,0.065203,0.0148,0.092839,0.201715,0.081756,-0.003597,-0.330617,-0.349791,0.220677,0.177011,0.207869,10.8506
Uzbekistan,,,,,,,,,,,,,,,,,,,,,,,,,,,,,-0.349566,-0.36545,-0.577566,-0.695181,-0.329384,-0.257701,-0.129301,-0.502809,-0.620734,-0.819991,-0.701587,-0.463409,-0.453,-0.433318,-0.430205,-0.494788,-0.381779,-0.464363,-0.440298,-0.555588,-0.531504,,,-0.873889,-0.895987,-0.847152,-12.61455
Venezuela,-0.145733,-0.29573,-0.253681,-0.290236,-0.394938,-0.424707,-0.687622,-0.88009,-0.572191,-0.720852,-1.2073,-1.10367,-0.985057,-1.21212,-1.08701,-1.04601,-1.36645,-1.35676,-1.04203,-0.87396,-0.671298,-0.348603,-0.224144,-0.142738,-0.310206,-0.20186,-0.249176,0.046246,-0.083257,-0.328245,-0.187383,-0.084909,-0.082202,-0.131131,0.01211,0.168625,-0.020923,-0.136609,-0.07666,-0.062459,-0.134651,-0.147508,-0.163963,-0.342388,-0.674475,-0.594428,-0.600758,-0.811479,-1.12529,-0.942948,,,-0.667168,-0.655229,-25.921254
Vietnam,-0.518447,-0.499506,-0.284037,-0.216628,-0.015737,-0.201158,-0.021656,-0.234389,-0.195863,-0.189671,-0.150127,-0.10675,-0.326853,-0.224908,-0.203335,-0.438961,-0.322191,-0.349642,-0.611483,-0.742823,-0.783679,-0.726897,-0.771785,-0.984498,-1.02124,-1.02634,-0.921859,-0.981722,-0.963484,-1.04231,-1.04169,-0.928968,-0.885671,-0.841634,-0.784948,-0.765394,-0.709704,-0.633173,-0.612566,-0.630272,-0.653033,-0.632908,-0.518922,-0.378907,-0.320109,-0.350821,-0.350102,-0.215986,-0.104485,-0.231462,-0.129961,-0.707104,-0.669703,-0.623084,-28.798586
Yemen,,,,,,,,,,,,,,,,,,,,,0.318063,0.251636,0.062197,0.141871,-0.908052,-0.978779,-1.07125,-0.842516,-0.768928,-0.654439,-0.585367,-0.990987,-1.33012,-1.25966,-1.50222,-1.60913,-1.51089,-1.57309,-1.48922,-1.44892,-1.56273,-1.54465,-1.51778,-1.39501,-1.48326,-1.37207,-1.54769,-1.22062,-1.14902,-1.34438,,-0.912604,-0.757001,-0.97195,-34.528566
Zambia,-0.605599,-0.774049,-0.541125,-0.743592,-0.792187,-0.842796,-1.29254,-1.19932,-1.27385,-1.09525,-1.00321,-0.868636,-0.911014,-0.937637,-0.85791,-0.780084,-0.732815,-0.51962,-0.704497,-0.759663,-0.838919,-0.609474,-0.517998,-0.416354,-0.456881,-0.67636,-0.700076,-0.907232,-1.05388,-0.98827,-1.06644,-0.891487,-0.874625,-0.95923,-0.846865,-0.960927,-0.990725,-1.10573,-0.99658,-1.09653,-0.934754,-0.925683,-1.17274,-0.921299,-0.984426,-1.06916,-1.01419,-0.750633,-0.621731,-0.731336,-0.544915,-0.219831,-0.367271,-0.514087,-44.962033
Zimbabwe,,-0.333738,0.732448,0.718401,0.922071,1.08494,1.15234,1.1095,0.959187,0.972448,1.00227,1.08859,0.761066,0.510551,0.14211,0.352027,-0.514413,-0.60849,-0.395937,-0.738731,-0.751496,-0.69842,-0.662716,-0.638385,-0.740906,-0.69104,-0.604088,-0.573003,-0.439256,-0.633409,-0.453192,-0.294163,-0.243137,-0.366698,-0.507259,-0.538359,-0.450373,-0.48607,-0.53834,-0.343785,-0.373302,-0.395862,-0.404289,-0.495619,-0.452638,-0.66792,-0.803228,-0.918402,-1.00205,-1.04674,-0.844104,-0.697917,-0.707958,-0.811801,-11.359285
Valor Total,1.366567,1.283757,1.305401,1.288634,1.155007,1.344598,1.364868,1.443906,1.492872,1.416826,1.338383,1.280123,1.577419,1.525157,1.351749,1.509642,1E-06,-1.6E-05,1E-05,1.5E-05,1.8E-05,-1.3E-05,2E-06,7E-06,9E-06,-1.6E-05,-4E-06,-7E-06,-1.4E-05,-7E-06,-1.2E-05,-3.7E-05,2E-06,-3E-06,-1.4E-05,-1.8E-05,-3E-05,1.8E-05,1.5E-05,-1.3E-05,2E-05,-1.8E-05,-2.7E-05,-1.2E-05,2.5E-05,-9E-06,-9E-06,-5E-06,1.774547,-3.1E-05,2.29841,5.2575598,-1.06E-05,1.78E-05,31.37526
