Movies,0,1,2,3,4,5,6,7,8,9,10,11,12,13,14,15,16,17,18,19,20,21,22,23,24,25,26,27,28,29,30,31,32,33,34,35,36,37,38,39,40,41,42,43,44,45,46,47,48,49,50,51,52,53,54,55,56,57,58,59,60,61,62,63,64,65,66,67,68,69,70,71,72,73,74,75,76,77,78,79,80,81,82,83,84,85,86,87,88,89,90,91,92,93,94,95,96,97,98,99,100,101,102,103,104,105
The Birth Of A Nation,5200000,5200000,5200000,5200000,5200000,5200000,5200000,5200000,5200000,5200000,5200000,5200000,5200000,5200000,5200000,5200000,5200000,5200000,5200000,5200000,5200000,5200000,5200000,5200000,5200000,5200000,5200000,5200000,5200000,5200000,5200000,5200000,5200000,5200000,5200000,5200000,5200000,5200000,5200000,5200000,5200000,5200000,5200000,5200000,5200000,5200000,5200000,5200000,5200000,5200000,5200000,5200000,5200000,5200000,5200000,5200000,5200000,5200000,5200000,5200000,5200000,5200000,5200000,5200000,5200000,5200000,5200000,5200000,5200000,5200000,5200000,5200000,5200000,5200000,5200000,5200000,5200000,5200000,5200000,5200000,5200000,5200000,5200000,5200000,5200000,5200000,5200000,5200000,5200000,5200000,5200000,5200000,5200000,5200000,5200000,5200000,5200000,5200000,5200000,5200000,5200000,5200000,5200000,5200000,5200000,5200000
Intolerance,0,1000000,1000000,1000000,1000000,1000000,1000000,1000000,1000000,1000000,1000000,1000000,1000000,1000000,1000000,1000000,1000000,1000000,1000000,1000000,1000000,1000000,1000000,1000000,1000000,1000000,1000000,1000000,1000000,1000000,1000000,1000000,1000000,1000000,1000000,1000000,1000000,1000000,1000000,1000000,1000000,1000000,1000000,1000000,1000000,1000000,1000000,1000000,1000000,1000000,1000000,1000000,1000000,1000000,1000000,1000000,1000000,1000000,1000000,1000000,1000000,1000000,1000000,1000000,1000000,1000000,1000000,1000000,1000000,1000000,1000000,1000000,1000000,1000000,1000000,1000000,1000000,1000000,1000000,1000000,1000000,1000000,1000000,1000000,1000000,1000000,1000000,1000000,1000000,1000000,1000000,1000000,1000000,1000000,1000000,1000000,1000000,1000000,1000000,1000000,1000000,1000000,1000000,1000000,1000000,1000000
Cleopatra,0,0,500000,500000,500000,500000,500000,500000,500000,500000,500000,500000,500000,500000,500000,500000,500000,500000,500000,500000,500000,500000,500000,500000,500000,500000,500000,500000,500000,500000,500000,500000,500000,500000,500000,500000,500000,500000,500000,500000,500000,500000,500000,500000,500000,500000,500000,500000,500000,500000,500000,500000,500000,500000,500000,500000,500000,500000,500000,500000,500000,500000,500000,500000,500000,500000,500000,500000,500000,500000,500000,500000,500000,500000,500000,500000,500000,500000,500000,500000,500000,500000,500000,500000,500000,500000,500000,500000,500000,500000,500000,500000,500000,500000,500000,500000,500000,500000,500000,500000,500000,500000,500000,500000,500000,500000
Mickey,0,0,0,8000000,8000000,8000000,8000000,8000000,8000000,8000000,8000000,8000000,8000000,8000000,8000000,8000000,8000000,8000000,8000000,8000000,8000000,8000000,8000000,8000000,8000000,8000000,8000000,8000000,8000000,8000000,8000000,8000000,8000000,8000000,8000000,8000000,8000000,8000000,8000000,8000000,8000000,8000000,8000000,8000000,8000000,8000000,8000000,8000000,8000000,8000000,8000000,8000000,8000000,8000000,8000000,8000000,8000000,8000000,8000000,8000000,8000000,8000000,8000000,8000000,8000000,8000000,8000000,8000000,8000000,8000000,8000000,8000000,8000000,8000000,8000000,8000000,8000000,8000000,8000000,8000000,8000000,8000000,8000000,8000000,8000000,8000000,8000000,8000000,8000000,8000000,8000000,8000000,8000000,8000000,8000000,8000000,8000000,8000000,8000000,8000000,8000000,8000000,8000000,8000000,8000000,8000000
The Miracle Man,0,0,0,0,3000000,3000000,3000000,3000000,3000000,3000000,3000000,3000000,3000000,3000000,3000000,3000000,3000000,3000000,3000000,3000000,3000000,3000000,3000000,3000000,3000000,3000000,3000000,3000000,3000000,3000000,3000000,3000000,3000000,3000000,3000000,3000000,3000000,3000000,3000000,3000000,3000000,3000000,3000000,3000000,3000000,3000000,3000000,3000000,3000000,3000000,3000000,3000000,3000000,3000000,3000000,3000000,3000000,3000000,3000000,3000000,3000000,3000000,3000000,3000000,3000000,3000000,3000000,3000000,3000000,3000000,3000000,3000000,3000000,3000000,3000000,3000000,3000000,3000000,3000000,3000000,3000000,3000000,3000000,3000000,3000000,3000000,3000000,3000000,3000000,3000000,3000000,3000000,3000000,3000000,3000000,3000000,3000000,3000000,3000000,3000000,3000000,3000000,3000000,3000000,3000000,3000000
Way Down East,0,0,0,0,0,5000000,5000000,5000000,5000000,5000000,5000000,5000000,5000000,5000000,5000000,5000000,5000000,5000000,5000000,5000000,5000000,5000000,5000000,5000000,5000000,5000000,5000000,5000000,5000000,5000000,5000000,5000000,5000000,5000000,5000000,5000000,5000000,5000000,5000000,5000000,5000000,5000000,5000000,5000000,5000000,5000000,5000000,5000000,5000000,5000000,5000000,5000000,5000000,5000000,5000000,5000000,5000000,5000000,5000000,5000000,5000000,5000000,5000000,5000000,5000000,5000000,5000000,5000000,5000000,5000000,5000000,5000000,5000000,5000000,5000000,5000000,5000000,5000000,5000000,5000000,5000000,5000000,5000000,5000000,5000000,5000000,5000000,5000000,5000000,5000000,5000000,5000000,5000000,5000000,5000000,5000000,5000000,5000000,5000000,5000000,5000000,5000000,5000000,5000000,5000000,5000000
The Four Horsemen of the Apocalypse,0,0,0,0,0,0,5000000,5000000,5000000,5000000,5000000,5000000,5000000,5000000,5000000,5000000,5000000,5000000,5000000,5000000,5000000,5000000,5000000,5000000,5000000,5000000,5000000,5000000,5000000,5000000,5000000,5000000,5000000,5000000,5000000,5000000,5000000,5000000,5000000,5000000,5000000,5000000,5000000,5000000,5000000,5000000,5000000,5000000,5000000,5000000,5000000,5000000,5000000,5000000,5000000,5000000,5000000,5000000,5000000,5000000,5000000,5000000,5000000,5000000,5000000,5000000,5000000,5000000,5000000,5000000,5000000,5000000,5000000,5000000,5000000,5000000,5000000,5000000,5000000,5000000,5000000,5000000,5000000,5000000,5000000,5000000,5000000,5000000,5000000,5000000,5000000,5000000,5000000,5000000,5000000,5000000,5000000,5000000,5000000,5000000,5000000,5000000,5000000,5000000,5000000,5000000
Robin Hood,0,0,0,0,0,0,0,2500000,2500000,2500000,2500000,2500000,2500000,2500000,2500000,2500000,2500000,2500000,2500000,2500000,2500000,2500000,2500000,2500000,2500000,2500000,2500000,2500000,2500000,2500000,2500000,2500000,2500000,2500000,2500000,2500000,2500000,2500000,2500000,2500000,2500000,2500000,2500000,2500000,2500000,2500000,2500000,2500000,2500000,2500000,2500000,2500000,2500000,2500000,2500000,2500000,2500000,2500000,2500000,2500000,2500000,2500000,2500000,2500000,2500000,2500000,2500000,2500000,2500000,2500000,2500000,2500000,2500000,2500000,2500000,2500000,2500000,2500000,2500000,2500000,2500000,2500000,2500000,2500000,2500000,2500000,2500000,2500000,2500000,2500000,2500000,2500000,2500000,2500000,2500000,2500000,2500000,2500000,2500000,2500000,2500000,2500000,2500000,2500000,2500000,2500000
The Covered Wagon,0,0,0,0,0,0,0,0,5000000,5000000,5000000,5000000,5000000,5000000,5000000,5000000,5000000,5000000,5000000,5000000,5000000,5000000,5000000,5000000,5000000,5000000,5000000,5000000,5000000,5000000,5000000,5000000,5000000,5000000,5000000,5000000,5000000,5000000,5000000,5000000,5000000,5000000,5000000,5000000,5000000,5000000,5000000,5000000,5000000,5000000,5000000,5000000,5000000,5000000,5000000,5000000,5000000,5000000,5000000,5000000,5000000,5000000,5000000,5000000,5000000,5000000,5000000,5000000,5000000,5000000,5000000,5000000,5000000,5000000,5000000,5000000,5000000,5000000,5000000,5000000,5000000,5000000,5000000,5000000,5000000,5000000,5000000,5000000,5000000,5000000,5000000,5000000,5000000,5000000,5000000,5000000,5000000,5000000,5000000,5000000,5000000,5000000,5000000,5000000,5000000,5000000
The Sea Hawk,0,0,0,0,0,0,0,0,0,3000000,3000000,3000000,3000000,3000000,3000000,3000000,3000000,3000000,3000000,3000000,3000000,3000000,3000000,3000000,3000000,3000000,3000000,3000000,3000000,3000000,3000000,3000000,3000000,3000000,3000000,3000000,3000000,3000000,3000000,3000000,3000000,3000000,3000000,3000000,3000000,3000000,3000000,3000000,3000000,3000000,3000000,3000000,3000000,3000000,3000000,3000000,3000000,3000000,3000000,3000000,3000000,3000000,3000000,3000000,3000000,3000000,3000000,3000000,3000000,3000000,3000000,3000000,3000000,3000000,3000000,3000000,3000000,3000000,3000000,3000000,3000000,3000000,3000000,3000000,3000000,3000000,3000000,3000000,3000000,3000000,3000000,3000000,3000000,3000000,3000000,3000000,3000000,3000000,3000000,3000000,3000000,3000000,3000000,3000000,3000000,3000000
The Big Parade,0,0,0,0,0,0,0,0,0,0,6131000,6131000,6131000,6131000,6131000,6131000,6131000,6131000,6131000,6131000,6131000,6131000,6131000,6131000,6131000,6131000,6131000,6131000,6131000,6131000,6131000,6131000,6131000,6131000,6131000,6131000,6131000,6131000,6131000,6131000,6131000,6131000,6131000,6131000,6131000,6131000,6131000,6131000,6131000,6131000,6131000,6131000,6131000,6131000,6131000,6131000,6131000,6131000,6131000,6131000,6131000,6131000,6131000,6131000,6131000,6131000,6131000,6131000,6131000,6131000,6131000,6131000,6131000,6131000,6131000,6131000,6131000,6131000,6131000,6131000,6131000,6131000,6131000,6131000,6131000,6131000,6131000,6131000,6131000,6131000,6131000,6131000,6131000,6131000,6131000,6131000,6131000,6131000,6131000,6131000,6131000,6131000,6131000,6131000,6131000,6131000
Ben-Hur,0,0,0,0,0,0,0,0,0,0,10738000,10738000,10738000,10738000,10738000,10738000,10738000,10738000,10738000,10738000,10738000,10738000,10738000,10738000,10738000,10738000,10738000,10738000,10738000,10738000,10738000,10738000,10738000,10738000,10738000,10738000,10738000,10738000,10738000,10738000,10738000,10738000,10738000,10738000,10738000,10738000,10738000,10738000,10738000,10738000,10738000,10738000,10738000,10738000,10738000,10738000,10738000,10738000,10738000,10738000,10738000,10738000,10738000,10738000,10738000,10738000,10738000,10738000,10738000,10738000,10738000,10738000,10738000,10738000,10738000,10738000,10738000,10738000,10738000,10738000,10738000,10738000,10738000,10738000,10738000,10738000,10738000,10738000,10738000,10738000,10738000,10738000,10738000,10738000,10738000,10738000,10738000,10738000,10738000,10738000,10738000,10738000,10738000,10738000,10738000,10738000
For Heaven's Sake,0,0,0,0,0,0,0,0,0,0,0,2600000,2600000,2600000,2600000,2600000,2600000,2600000,2600000,2600000,2600000,2600000,2600000,2600000,2600000,2600000,2600000,2600000,2600000,2600000,2600000,2600000,2600000,2600000,2600000,2600000,2600000,2600000,2600000,2600000,2600000,2600000,2600000,2600000,2600000,2600000,2600000,2600000,2600000,2600000,2600000,2600000,2600000,2600000,2600000,2600000,2600000,2600000,2600000,2600000,2600000,2600000,2600000,2600000,2600000,2600000,2600000,2600000,2600000,2600000,2600000,2600000,2600000,2600000,2600000,2600000,2600000,2600000,2600000,2600000,2600000,2600000,2600000,2600000,2600000,2600000,2600000,2600000,2600000,2600000,2600000,2600000,2600000,2600000,2600000,2600000,2600000,2600000,2600000,2600000,2600000,2600000,2600000,2600000,2600000,2600000
Wings,0,0,0,0,0,0,0,0,0,0,0,0,3600000,3600000,3600000,3600000,3600000,3600000,3600000,3600000,3600000,3600000,3600000,3600000,3600000,3600000,3600000,3600000,3600000,3600000,3600000,3600000,3600000,3600000,3600000,3600000,3600000,3600000,3600000,3600000,3600000,3600000,3600000,3600000,3600000,3600000,3600000,3600000,3600000,3600000,3600000,3600000,3600000,3600000,3600000,3600000,3600000,3600000,3600000,3600000,3600000,3600000,3600000,3600000,3600000,3600000,3600000,3600000,3600000,3600000,3600000,3600000,3600000,3600000,3600000,3600000,3600000,3600000,3600000,3600000,3600000,3600000,3600000,3600000,3600000,3600000,3600000,3600000,3600000,3600000,3600000,3600000,3600000,3600000,3600000,3600000,3600000,3600000,3600000,3600000,3600000,3600000,3600000,3600000,3600000,3600000
The Singing Fool,0,0,0,0,0,0,0,0,0,0,0,0,0,5900000,5900000,5900000,5900000,5900000,5900000,5900000,5900000,5900000,5900000,5900000,5900000,5900000,5900000,5900000,5900000,5900000,5900000,5900000,5900000,5900000,5900000,5900000,5900000,5900000,5900000,5900000,5900000,5900000,5900000,5900000,5900000,5900000,5900000,5900000,5900000,5900000,5900000,5900000,5900000,5900000,5900000,5900000,5900000,5900000,5900000,5900000,5900000,5900000,5900000,5900000,5900000,5900000,5900000,5900000,5900000,5900000,5900000,5900000,5900000,5900000,5900000,5900000,5900000,5900000,5900000,5900000,5900000,5900000,5900000,5900000,5900000,5900000,5900000,5900000,5900000,5900000,5900000,5900000,5900000,5900000,5900000,5900000,5900000,5900000,5900000,5900000,5900000,5900000,5900000,5900000,5900000,5900000
The Broadway Melody,0,0,0,0,0,0,0,0,0,0,0,0,0,0,4600000,4600000,4600000,4600000,4600000,4600000,4600000,4600000,4600000,4600000,4600000,4600000,4600000,4600000,4600000,4600000,4600000,4600000,4600000,4600000,4600000,4600000,4600000,4600000,4600000,4600000,4600000,4600000,4600000,4600000,4600000,4600000,4600000,4600000,4600000,4600000,4600000,4600000,4600000,4600000,4600000,4600000,4600000,4600000,4600000,4600000,4600000,4600000,4600000,4600000,4600000,4600000,4600000,4600000,4600000,4600000,4600000,4600000,4600000,4600000,4600000,4600000,4600000,4600000,4600000,4600000,4600000,4600000,4600000,4600000,4600000,4600000,4600000,4600000,4600000,4600000,4600000,4600000,4600000,4600000,4600000,4600000,4600000,4600000,4600000,4600000,4600000,4600000,4600000,4600000,4600000,4600000
Sunny Side Up,0,0,0,0,0,0,0,0,0,0,0,0,0,0,3500000,3500000,3500000,3500000,3500000,3500000,3500000,3500000,3500000,3500000,3500000,3500000,3500000,3500000,3500000,3500000,3500000,3500000,3500000,3500000,3500000,3500000,3500000,3500000,3500000,3500000,3500000,3500000,3500000,3500000,3500000,3500000,3500000,3500000,3500000,3500000,3500000,3500000,3500000,3500000,3500000,3500000,3500000,3500000,3500000,3500000,3500000,3500000,3500000,3500000,3500000,3500000,3500000,3500000,3500000,3500000,3500000,3500000,3500000,3500000,3500000,3500000,3500000,3500000,3500000,3500000,3500000,3500000,3500000,3500000,3500000,3500000,3500000,3500000,3500000,3500000,3500000,3500000,3500000,3500000,3500000,3500000,3500000,3500000,3500000,3500000,3500000,3500000,3500000,3500000,3500000,3500000
All Quiet on the Western Front,0,0,0,0,0,0,0,0,0,0,0,0,0,0,0,3000000,3000000,3000000,3000000,3000000,3000000,3000000,3000000,3000000,3000000,3000000,3000000,3000000,3000000,3000000,3000000,3000000,3000000,3000000,3000000,3000000,3000000,3000000,3000000,3000000,3000000,3000000,3000000,3000000,3000000,3000000,3000000,3000000,3000000,3000000,3000000,3000000,3000000,3000000,3000000,3000000,3000000,3000000,3000000,3000000,3000000,3000000,3000000,3000000,3000000,3000000,3000000,3000000,3000000,3000000,3000000,3000000,3000000,3000000,3000000,3000000,3000000,3000000,3000000,3000000,3000000,3000000,3000000,3000000,3000000,3000000,3000000,3000000,3000000,3000000,3000000,3000000,3000000,3000000,3000000,3000000,3000000,3000000,3000000,3000000,3000000,3000000,3000000,3000000,3000000,3000000
Frankenstein,0,0,0,0,0,0,0,0,0,0,0,0,0,0,0,0,12000000,12000000,12000000,12000000,12000000,12000000,12000000,12000000,12000000,12000000,12000000,12000000,12000000,12000000,12000000,12000000,12000000,12000000,12000000,12000000,12000000,12000000,12000000,12000000,12000000,12000000,12000000,12000000,12000000,12000000,12000000,12000000,12000000,12000000,12000000,12000000,12000000,12000000,12000000,12000000,12000000,12000000,12000000,12000000,12000000,12000000,12000000,12000000,12000000,12000000,12000000,12000000,12000000,12000000,12000000,12000000,12000000,12000000,12000000,12000000,12000000,12000000,12000000,12000000,12000000,12000000,12000000,12000000,12000000,12000000,12000000,12000000,12000000,12000000,12000000,12000000,12000000,12000000,12000000,12000000,12000000,12000000,12000000,12000000,12000000,12000000,12000000,12000000,12000000,12000000
City Lights,0,0,0,0,0,0,0,0,0,0,0,0,0,0,0,0,5000000,5000000,5000000,5000000,5000000,5000000,5000000,5000000,5000000,5000000,5000000,5000000,5000000,5000000,5000000,5000000,5000000,5000000,5000000,5000000,5000000,5000000,5000000,5000000,5000000,5000000,5000000,5000000,5000000,5000000,5000000,5000000,5000000,5000000,5000000,5000000,5000000,5000000,5000000,5000000,5000000,5000000,5000000,5000000,5000000,5000000,5000000,5000000,5000000,5000000,5000000,5000000,5000000,5000000,5000000,5000000,5000000,5000000,5000000,5000000,5000000,5000000,5000000,5000000,5000000,5000000,5000000,5000000,5000000,5000000,5000000,5000000,5000000,5000000,5000000,5000000,5000000,5000000,5000000,5000000,5000000,5000000,5000000,5000000,5000000,5000000,5000000,5000000,5000000,5000000
The Sign of the Cross,0,0,0,0,0,0,0,0,0,0,0,0,0,0,0,0,0,2738993,2738993,2738993,2738993,2738993,2738993,2738993,2738993,2738993,2738993,2738993,2738993,2738993,2738993,2738993,2738993,2738993,2738993,2738993,2738993,2738993,2738993,2738993,2738993,2738993,2738993,2738993,2738993,2738993,2738993,2738993,2738993,2738993,2738993,2738993,2738993,2738993,2738993,2738993,2738993,2738993,2738993,2738993,2738993,2738993,2738993,2738993,2738993,2738993,2738993,2738993,2738993,2738993,2738993,2738993,2738993,2738993,2738993,2738993,2738993,2738993,2738993,2738993,2738993,2738993,2738993,2738993,2738993,2738993,2738993,2738993,2738993,2738993,2738993,2738993,2738993,2738993,2738993,2738993,2738993,2738993,2738993,2738993,2738993,2738993,2738993,2738993,2738993,2738993
King Kong,0,0,0,0,0,0,0,0,0,0,0,0,0,0,0,0,0,0,5347000,5347000,5347000,5347000,5347000,5347000,5347000,5347000,5347000,5347000,5347000,5347000,5347000,5347000,5347000,5347000,5347000,5347000,5347000,5347000,5347000,5347000,5347000,5347000,5347000,5347000,5347000,5347000,5347000,5347000,5347000,5347000,5347000,5347000,5347000,5347000,5347000,5347000,5347000,5347000,5347000,5347000,5347000,5347000,5347000,5347000,5347000,5347000,5347000,5347000,5347000,5347000,5347000,5347000,5347000,5347000,5347000,5347000,5347000,5347000,5347000,5347000,5347000,5347000,5347000,5347000,5347000,5347000,5347000,5347000,5347000,5347000,5347000,5347000,5347000,5347000,5347000,5347000,5347000,5347000,5347000,5347000,5347000,5347000,5347000,5347000,5347000,5347000
I'm No Angel,0,0,0,0,0,0,0,0,0,0,0,0,0,0,0,0,0,0,3250000,3250000,3250000,3250000,3250000,3250000,3250000,3250000,3250000,3250000,3250000,3250000,3250000,3250000,3250000,3250000,3250000,3250000,3250000,3250000,3250000,3250000,3250000,3250000,3250000,3250000,3250000,3250000,3250000,3250000,3250000,3250000,3250000,3250000,3250000,3250000,3250000,3250000,3250000,3250000,3250000,3250000,3250000,3250000,3250000,3250000,3250000,3250000,3250000,3250000,3250000,3250000,3250000,3250000,3250000,3250000,3250000,3250000,3250000,3250000,3250000,3250000,3250000,3250000,3250000,3250000,3250000,3250000,3250000,3250000,3250000,3250000,3250000,3250000,3250000,3250000,3250000,3250000,3250000,3250000,3250000,3250000,3250000,3250000,3250000,3250000,3250000,3250000
Cavalcade,0,0,0,0,0,0,0,0,0,0,0,0,0,0,0,0,0,0,3500000,3500000,3500000,3500000,3500000,3500000,3500000,3500000,3500000,3500000,3500000,3500000,3500000,3500000,3500000,3500000,3500000,3500000,3500000,3500000,3500000,3500000,3500000,3500000,3500000,3500000,3500000,3500000,3500000,3500000,3500000,3500000,3500000,3500000,3500000,3500000,3500000,3500000,3500000,3500000,3500000,3500000,3500000,3500000,3500000,3500000,3500000,3500000,3500000,3500000,3500000,3500000,3500000,3500000,3500000,3500000,3500000,3500000,3500000,3500000,3500000,3500000,3500000,3500000,3500000,3500000,3500000,3500000,3500000,3500000,3500000,3500000,3500000,3500000,3500000,3500000,3500000,3500000,3500000,3500000,3500000,3500000,3500000,3500000,3500000,3500000,3500000,3500000
She Done Him Wrong,0,0,0,0,0,0,0,0,0,0,0,0,0,0,0,0,0,0,3000000,3000000,3000000,3000000,3000000,3000000,3000000,3000000,3000000,3000000,3000000,3000000,3000000,3000000,3000000,3000000,3000000,3000000,3000000,3000000,3000000,3000000,3000000,3000000,3000000,3000000,3000000,3000000,3000000,3000000,3000000,3000000,3000000,3000000,3000000,3000000,3000000,3000000,3000000,3000000,3000000,3000000,3000000,3000000,3000000,3000000,3000000,3000000,3000000,3000000,3000000,3000000,3000000,3000000,3000000,3000000,3000000,3000000,3000000,3000000,3000000,3000000,3000000,3000000,3000000,3000000,3000000,3000000,3000000,3000000,3000000,3000000,3000000,3000000,3000000,3000000,3000000,3000000,3000000,3000000,3000000,3000000,3000000,3000000,3000000,3000000,3000000,3000000
The Merry Widow,0,0,0,0,0,0,0,0,0,0,0,0,0,0,0,0,0,0,0,2608000,2608000,2608000,2608000,2608000,2608000,2608000,2608000,2608000,2608000,2608000,2608000,2608000,2608000,2608000,2608000,2608000,2608000,2608000,2608000,2608000,2608000,2608000,2608000,2608000,2608000,2608000,2608000,2608000,2608000,2608000,2608000,2608000,2608000,2608000,2608000,2608000,2608000,2608000,2608000,2608000,2608000,2608000,2608000,2608000,2608000,2608000,2608000,2608000,2608000,2608000,2608000,2608000,2608000,2608000,2608000,2608000,2608000,2608000,2608000,2608000,2608000,2608000,2608000,2608000,2608000,2608000,2608000,2608000,2608000,2608000,2608000,2608000,2608000,2608000,2608000,2608000,2608000,2608000,2608000,2608000,2608000,2608000,2608000,2608000,2608000,2608000
It Happened One Night,0,0,0,0,0,0,0,0,0,0,0,0,0,0,0,0,0,0,0,1000000,1000000,1000000,1000000,1000000,1000000,1000000,1000000,1000000,1000000,1000000,1000000,1000000,1000000,1000000,1000000,1000000,1000000,1000000,1000000,1000000,1000000,1000000,1000000,1000000,1000000,1000000,1000000,1000000,1000000,1000000,1000000,1000000,1000000,1000000,1000000,1000000,1000000,1000000,1000000,1000000,1000000,1000000,1000000,1000000,1000000,1000000,1000000,1000000,1000000,1000000,1000000,1000000,1000000,1000000,1000000,1000000,1000000,1000000,1000000,1000000,1000000,1000000,1000000,1000000,1000000,1000000,1000000,1000000,1000000,1000000,1000000,1000000,1000000,1000000,1000000,1000000,1000000,1000000,1000000,1000000,1000000,1000000,1000000,1000000,1000000,1000000
Mutiny on the Bounty,0,0,0,0,0,0,0,0,0,0,0,0,0,0,0,0,0,0,0,0,4460000,4460000,4460000,4460000,4460000,4460000,4460000,4460000,4460000,4460000,4460000,4460000,4460000,4460000,4460000,4460000,4460000,4460000,4460000,4460000,4460000,4460000,4460000,4460000,4460000,4460000,4460000,4460000,4460000,4460000,4460000,4460000,4460000,4460000,4460000,4460000,4460000,4460000,4460000,4460000,4460000,4460000,4460000,4460000,4460000,4460000,4460000,4460000,4460000,4460000,4460000,4460000,4460000,4460000,4460000,4460000,4460000,4460000,4460000,4460000,4460000,4460000,4460000,4460000,4460000,4460000,4460000,4460000,4460000,4460000,4460000,4460000,4460000,4460000,4460000,4460000,4460000,4460000,4460000,4460000,4460000,4460000,4460000,4460000,4460000,4460000
San Francisco,0,0,0,0,0,0,0,0,0,0,0,0,0,0,0,0,0,0,0,0,0,6044000,6044000,6044000,6044000,6044000,6044000,6044000,6044000,6044000,6044000,6044000,6044000,6044000,6044000,6044000,6044000,6044000,6044000,6044000,6044000,6044000,6044000,6044000,6044000,6044000,6044000,6044000,6044000,6044000,6044000,6044000,6044000,6044000,6044000,6044000,6044000,6044000,6044000,6044000,6044000,6044000,6044000,6044000,6044000,6044000,6044000,6044000,6044000,6044000,6044000,6044000,6044000,6044000,6044000,6044000,6044000,6044000,6044000,6044000,6044000,6044000,6044000,6044000,6044000,6044000,6044000,6044000,6044000,6044000,6044000,6044000,6044000,6044000,6044000,6044000,6044000,6044000,6044000,6044000,6044000,6044000,6044000,6044000,6044000,6044000
Snow White and the Seven Dwarfs,0,0,0,0,0,0,0,0,0,0,0,0,0,0,0,0,0,0,0,0,0,0,8500000,8500000,8500000,8500000,8500000,8500000,8500000,8500000,8500000,8500000,8500000,8500000,8500000,8500000,8500000,8500000,8500000,8500000,8500000,8500000,8500000,8500000,8500000,8500000,8500000,8500000,8500000,8500000,8500000,8500000,8500000,8500000,8500000,8500000,8500000,8500000,8500000,8500000,8500000,8500000,8500000,8500000,8500000,8500000,8500000,8500000,8500000,8500000,8500000,8500000,8500000,8500000,8500000,8500000,8500000,8500000,8500000,8500000,8500000,8500000,8500000,8500000,8500000,8500000,8500000,8500000,8500000,8500000,8500000,8500000,8500000,8500000,8500000,8500000,8500000,8500000,8500000,8500000,8500000,8500000,8500000,8500000,8500000,8500000
You Can't Take It With You,0,0,0,0,0,0,0,0,0,0,0,0,0,0,0,0,0,0,0,0,0,0,0,5000000,5000000,5000000,5000000,5000000,5000000,5000000,5000000,5000000,5000000,5000000,5000000,5000000,5000000,5000000,5000000,5000000,5000000,5000000,5000000,5000000,5000000,5000000,5000000,5000000,5000000,5000000,5000000,5000000,5000000,5000000,5000000,5000000,5000000,5000000,5000000,5000000,5000000,5000000,5000000,5000000,5000000,5000000,5000000,5000000,5000000,5000000,5000000,5000000,5000000,5000000,5000000,5000000,5000000,5000000,5000000,5000000,5000000,5000000,5000000,5000000,5000000,5000000,5000000,5000000,5000000,5000000,5000000,5000000,5000000,5000000,5000000,5000000,5000000,5000000,5000000,5000000,5000000,5000000,5000000,5000000,5000000,5000000
Gone with the Wind,0,0,0,0,0,0,0,0,0,0,0,0,0,0,0,0,0,0,0,0,0,0,0,0,32000000,32000000,32000000,32000000,32000000,32000000,32000000,32000000,32000000,32000000,32000000,32000000,32000000,32000000,32000000,32000000,32000000,32000000,32000000,32000000,32000000,32000000,32000000,32000000,32000000,32000000,32000000,32000000,32000000,32000000,32000000,32000000,32000000,32000000,32000000,32000000,32000000,32000000,32000000,32000000,32000000,32000000,32000000,32000000,32000000,32000000,32000000,32000000,32000000,32000000,32000000,32000000,32000000,32000000,32000000,32000000,32000000,32000000,32000000,32000000,32000000,32000000,32000000,32000000,32000000,32000000,32000000,32000000,32000000,32000000,32000000,32000000,32000000,32000000,32000000,32000000,32000000,32000000,32000000,32000000,32000000,32000000
Pinocchio,0,0,0,0,0,0,0,0,0,0,0,0,0,0,0,0,0,0,0,0,0,0,0,0,0,3500000,3500000,3500000,3500000,3500000,3500000,3500000,3500000,3500000,3500000,3500000,3500000,3500000,3500000,3500000,3500000,3500000,3500000,3500000,3500000,3500000,3500000,3500000,3500000,3500000,3500000,3500000,3500000,3500000,3500000,3500000,3500000,3500000,3500000,3500000,3500000,3500000,3500000,3500000,3500000,3500000,3500000,3500000,3500000,3500000,3500000,3500000,3500000,3500000,3500000,3500000,3500000,3500000,3500000,3500000,3500000,3500000,3500000,3500000,3500000,3500000,3500000,3500000,3500000,3500000,3500000,3500000,3500000,3500000,3500000,3500000,3500000,3500000,3500000,3500000,3500000,3500000,3500000,3500000,3500000,3500000
Boom Town,0,0,0,0,0,0,0,0,0,0,0,0,0,0,0,0,0,0,0,0,0,0,0,0,0,4600000,4600000,4600000,4600000,4600000,4600000,4600000,4600000,4600000,4600000,4600000,4600000,4600000,4600000,4600000,4600000,4600000,4600000,4600000,4600000,4600000,4600000,4600000,4600000,4600000,4600000,4600000,4600000,4600000,4600000,4600000,4600000,4600000,4600000,4600000,4600000,4600000,4600000,4600000,4600000,4600000,4600000,4600000,4600000,4600000,4600000,4600000,4600000,4600000,4600000,4600000,4600000,4600000,4600000,4600000,4600000,4600000,4600000,4600000,4600000,4600000,4600000,4600000,4600000,4600000,4600000,4600000,4600000,4600000,4600000,4600000,4600000,4600000,4600000,4600000,4600000,4600000,4600000,4600000,4600000,4600000
Sergeant York,0,0,0,0,0,0,0,0,0,0,0,0,0,0,0,0,0,0,0,0,0,0,0,0,0,0,7800000,7800000,7800000,7800000,7800000,7800000,7800000,7800000,7800000,7800000,7800000,7800000,7800000,7800000,7800000,7800000,7800000,7800000,7800000,7800000,7800000,7800000,7800000,7800000,7800000,7800000,7800000,7800000,7800000,7800000,7800000,7800000,7800000,7800000,7800000,7800000,7800000,7800000,7800000,7800000,7800000,7800000,7800000,7800000,7800000,7800000,7800000,7800000,7800000,7800000,7800000,7800000,7800000,7800000,7800000,7800000,7800000,7800000,7800000,7800000,7800000,7800000,7800000,7800000,7800000,7800000,7800000,7800000,7800000,7800000,7800000,7800000,7800000,7800000,7800000,7800000,7800000,7800000,7800000,7800000
Bambi,0,0,0,0,0,0,0,0,0,0,0,0,0,0,0,0,0,0,0,0,0,0,0,0,0,0,0,3449353,3449353,3449353,3449353,3449353,3449353,3449353,3449353,3449353,3449353,3449353,3449353,3449353,3449353,3449353,3449353,3449353,3449353,3449353,3449353,3449353,3449353,3449353,3449353,3449353,3449353,3449353,3449353,3449353,3449353,3449353,3449353,3449353,3449353,3449353,3449353,3449353,3449353,3449353,3449353,3449353,3449353,3449353,3449353,3449353,3449353,3449353,3449353,3449353,3449353,3449353,3449353,3449353,3449353,3449353,3449353,3449353,3449353,3449353,3449353,3449353,3449353,3449353,3449353,3449353,3449353,3449353,3449353,3449353,3449353,3449353,3449353,3449353,3449353,3449353,3449353,3449353,3449353,3449353
Mrs. Miniver,0,0,0,0,0,0,0,0,0,0,0,0,0,0,0,0,0,0,0,0,0,0,0,0,0,0,0,8878000,8878000,8878000,8878000,8878000,8878000,8878000,8878000,8878000,8878000,8878000,8878000,8878000,8878000,8878000,8878000,8878000,8878000,8878000,8878000,8878000,8878000,8878000,8878000,8878000,8878000,8878000,8878000,8878000,8878000,8878000,8878000,8878000,8878000,8878000,8878000,8878000,8878000,8878000,8878000,8878000,8878000,8878000,8878000,8878000,8878000,8878000,8878000,8878000,8878000,8878000,8878000,8878000,8878000,8878000,8878000,8878000,8878000,8878000,8878000,8878000,8878000,8878000,8878000,8878000,8878000,8878000,8878000,8878000,8878000,8878000,8878000,8878000,8878000,8878000,8878000,8878000,8878000,8878000
For Whom the Bell Tolls,0,0,0,0,0,0,0,0,0,0,0,0,0,0,0,0,0,0,0,0,0,0,0,0,0,0,0,0,11000000,11000000,11000000,11000000,11000000,11000000,11000000,11000000,11000000,11000000,11000000,11000000,11000000,11000000,11000000,11000000,11000000,11000000,11000000,11000000,11000000,11000000,11000000,11000000,11000000,11000000,11000000,11000000,11000000,11000000,11000000,11000000,11000000,11000000,11000000,11000000,11000000,11000000,11000000,11000000,11000000,11000000,11000000,11000000,11000000,11000000,11000000,11000000,11000000,11000000,11000000,11000000,11000000,11000000,11000000,11000000,11000000,11000000,11000000,11000000,11000000,11000000,11000000,11000000,11000000,11000000,11000000,11000000,11000000,11000000,11000000,11000000,11000000,11000000,11000000,11000000,11000000,11000000
This Is the Army,0,0,0,0,0,0,0,0,0,0,0,0,0,0,0,0,0,0,0,0,0,0,0,0,0,0,0,0,9555586.44,9555586.44,9555586.44,9555586.44,9555586.44,9555586.44,9555586.44,9555586.44,9555586.44,9555586.44,9555586.44,9555586.44,9555586.44,9555586.44,9555586.44,9555586.44,9555586.44,9555586.44,9555586.44,9555586.44,9555586.44,9555586.44,9555586.44,9555586.44,9555586.44,9555586.44,9555586.44,9555586.44,9555586.44,9555586.44,9555586.44,9555586.44,9555586.44,9555586.44,9555586.44,9555586.44,9555586.44,9555586.44,9555586.44,9555586.44,9555586.44,9555586.44,9555586.44,9555586.44,9555586.44,9555586.44,9555586.44,9555586.44,9555586.44,9555586.44,9555586.44,9555586.44,9555586.44,9555586.44,9555586.44,9555586.44,9555586.44,9555586.44,9555586.44,9555586.44,9555586.44,9555586.44,9555586.44,9555586.44,9555586.44,9555586.44,9555586.44,9555586.44,9555586.44,9555586.44,9555586.44,9555586.44,9555586.44,9555586.44,9555586.44,9555586.44,9555586.44,9555586.44
Going My Way,0,0,0,0,0,0,0,0,0,0,0,0,0,0,0,0,0,0,0,0,0,0,0,0,0,0,0,0,0,6500000,6500000,6500000,6500000,6500000,6500000,6500000,6500000,6500000,6500000,6500000,6500000,6500000,6500000,6500000,6500000,6500000,6500000,6500000,6500000,6500000,6500000,6500000,6500000,6500000,6500000,6500000,6500000,6500000,6500000,6500000,6500000,6500000,6500000,6500000,6500000,6500000,6500000,6500000,6500000,6500000,6500000,6500000,6500000,6500000,6500000,6500000,6500000,6500000,6500000,6500000,6500000,6500000,6500000,6500000,6500000,6500000,6500000,6500000,6500000,6500000,6500000,6500000,6500000,6500000,6500000,6500000,6500000,6500000,6500000,6500000,6500000,6500000,6500000,6500000,6500000,6500000
Mom and Dad,0,0,0,0,0,0,0,0,0,0,0,0,0,0,0,0,0,0,0,0,0,0,0,0,0,0,0,0,0,0,22000000,22000000,22000000,22000000,22000000,22000000,22000000,22000000,22000000,22000000,22000000,22000000,22000000,22000000,22000000,22000000,22000000,22000000,22000000,22000000,22000000,22000000,22000000,22000000,22000000,22000000,22000000,22000000,22000000,22000000,22000000,22000000,22000000,22000000,22000000,22000000,22000000,22000000,22000000,22000000,22000000,22000000,22000000,22000000,22000000,22000000,22000000,22000000,22000000,22000000,22000000,22000000,22000000,22000000,22000000,22000000,22000000,22000000,22000000,22000000,22000000,22000000,22000000,22000000,22000000,22000000,22000000,22000000,22000000,22000000,22000000,22000000,22000000,22000000,22000000,22000000
The Bells of St. Mary's,0,0,0,0,0,0,0,0,0,0,0,0,0,0,0,0,0,0,0,0,0,0,0,0,0,0,0,0,0,0,11200000,11200000,11200000,11200000,11200000,11200000,11200000,11200000,11200000,11200000,11200000,11200000,11200000,11200000,11200000,11200000,11200000,11200000,11200000,11200000,11200000,11200000,11200000,11200000,11200000,11200000,11200000,11200000,11200000,11200000,11200000,11200000,11200000,11200000,11200000,11200000,11200000,11200000,11200000,11200000,11200000,11200000,11200000,11200000,11200000,11200000,11200000,11200000,11200000,11200000,11200000,11200000,11200000,11200000,11200000,11200000,11200000,11200000,11200000,11200000,11200000,11200000,11200000,11200000,11200000,11200000,11200000,11200000,11200000,11200000,11200000,11200000,11200000,11200000,11200000,11200000
Song of the South,0,0,0,0,0,0,0,0,0,0,0,0,0,0,0,0,0,0,0,0,0,0,0,0,0,0,0,0,0,0,0,3300000,3300000,3300000,3300000,3300000,3300000,3300000,3300000,3300000,3300000,3300000,3300000,3300000,3300000,3300000,3300000,3300000,3300000,3300000,3300000,3300000,3300000,3300000,3300000,3300000,3300000,3300000,3300000,3300000,3300000,3300000,3300000,3300000,3300000,3300000,3300000,3300000,3300000,3300000,3300000,3300000,3300000,3300000,3300000,3300000,3300000,3300000,3300000,3300000,3300000,3300000,3300000,3300000,3300000,3300000,3300000,3300000,3300000,3300000,3300000,3300000,3300000,3300000,3300000,3300000,3300000,3300000,3300000,3300000,3300000,3300000,3300000,3300000,3300000,3300000
The Best Years of Our Lives,0,0,0,0,0,0,0,0,0,0,0,0,0,0,0,0,0,0,0,0,0,0,0,0,0,0,0,0,0,0,0,14750000,14750000,14750000,14750000,14750000,14750000,14750000,14750000,14750000,14750000,14750000,14750000,14750000,14750000,14750000,14750000,14750000,14750000,14750000,14750000,14750000,14750000,14750000,14750000,14750000,14750000,14750000,14750000,14750000,14750000,14750000,14750000,14750000,14750000,14750000,14750000,14750000,14750000,14750000,14750000,14750000,14750000,14750000,14750000,14750000,14750000,14750000,14750000,14750000,14750000,14750000,14750000,14750000,14750000,14750000,14750000,14750000,14750000,14750000,14750000,14750000,14750000,14750000,14750000,14750000,14750000,14750000,14750000,14750000,14750000,14750000,14750000,14750000,14750000,14750000
Duel in the Sun,0,0,0,0,0,0,0,0,0,0,0,0,0,0,0,0,0,0,0,0,0,0,0,0,0,0,0,0,0,0,0,10000000,10000000,10000000,10000000,10000000,10000000,10000000,10000000,10000000,10000000,10000000,10000000,10000000,10000000,10000000,10000000,10000000,10000000,10000000,10000000,10000000,10000000,10000000,10000000,10000000,10000000,10000000,10000000,10000000,10000000,10000000,10000000,10000000,10000000,10000000,10000000,10000000,10000000,10000000,10000000,10000000,10000000,10000000,10000000,10000000,10000000,10000000,10000000,10000000,10000000,10000000,10000000,10000000,10000000,10000000,10000000,10000000,10000000,10000000,10000000,10000000,10000000,10000000,10000000,10000000,10000000,10000000,10000000,10000000,10000000,10000000,10000000,10000000,10000000,10000000
Forever Amber,0,0,0,0,0,0,0,0,0,0,0,0,0,0,0,0,0,0,0,0,0,0,0,0,0,0,0,0,0,0,0,0,8000000,8000000,8000000,8000000,8000000,8000000,8000000,8000000,8000000,8000000,8000000,8000000,8000000,8000000,8000000,8000000,8000000,8000000,8000000,8000000,8000000,8000000,8000000,8000000,8000000,8000000,8000000,8000000,8000000,8000000,8000000,8000000,8000000,8000000,8000000,8000000,8000000,8000000,8000000,8000000,8000000,8000000,8000000,8000000,8000000,8000000,8000000,8000000,8000000,8000000,8000000,8000000,8000000,8000000,8000000,8000000,8000000,8000000,8000000,8000000,8000000,8000000,8000000,8000000,8000000,8000000,8000000,8000000,8000000,8000000,8000000,8000000,8000000,8000000
Unconquered,0,0,0,0,0,0,0,0,0,0,0,0,0,0,0,0,0,0,0,0,0,0,0,0,0,0,0,0,0,0,0,0,7500000,7500000,7500000,7500000,7500000,7500000,7500000,7500000,7500000,7500000,7500000,7500000,7500000,7500000,7500000,7500000,7500000,7500000,7500000,7500000,7500000,7500000,7500000,7500000,7500000,7500000,7500000,7500000,7500000,7500000,7500000,7500000,7500000,7500000,7500000,7500000,7500000,7500000,7500000,7500000,7500000,7500000,7500000,7500000,7500000,7500000,7500000,7500000,7500000,7500000,7500000,7500000,7500000,7500000,7500000,7500000,7500000,7500000,7500000,7500000,7500000,7500000,7500000,7500000,7500000,7500000,7500000,7500000,7500000,7500000,7500000,7500000,7500000,7500000
Easter Parade,0,0,0,0,0,0,0,0,0,0,0,0,0,0,0,0,0,0,0,0,0,0,0,0,0,0,0,0,0,0,0,0,0,5918134,5918134,5918134,5918134,5918134,5918134,5918134,5918134,5918134,5918134,5918134,5918134,5918134,5918134,5918134,5918134,5918134,5918134,5918134,5918134,5918134,5918134,5918134,5918134,5918134,5918134,5918134,5918134,5918134,5918134,5918134,5918134,5918134,5918134,5918134,5918134,5918134,5918134,5918134,5918134,5918134,5918134,5918134,5918134,5918134,5918134,5918134,5918134,5918134,5918134,5918134,5918134,5918134,5918134,5918134,5918134,5918134,5918134,5918134,5918134,5918134,5918134,5918134,5918134,5918134,5918134,5918134,5918134,5918134,5918134,5918134,5918134,5918134
The Red Shoes,0,0,0,0,0,0,0,0,0,0,0,0,0,0,0,0,0,0,0,0,0,0,0,0,0,0,0,0,0,0,0,0,0,5000000,5000000,5000000,5000000,5000000,5000000,5000000,5000000,5000000,5000000,5000000,5000000,5000000,5000000,5000000,5000000,5000000,5000000,5000000,5000000,5000000,5000000,5000000,5000000,5000000,5000000,5000000,5000000,5000000,5000000,5000000,5000000,5000000,5000000,5000000,5000000,5000000,5000000,5000000,5000000,5000000,5000000,5000000,5000000,5000000,5000000,5000000,5000000,5000000,5000000,5000000,5000000,5000000,5000000,5000000,5000000,5000000,5000000,5000000,5000000,5000000,5000000,5000000,5000000,5000000,5000000,5000000,5000000,5000000,5000000,5000000,5000000,5000000
The Snake Pit,0,0,0,0,0,0,0,0,0,0,0,0,0,0,0,0,0,0,0,0,0,0,0,0,0,0,0,0,0,0,0,0,0,4100000,4100000,4100000,4100000,4100000,4100000,4100000,4100000,4100000,4100000,4100000,4100000,4100000,4100000,4100000,4100000,4100000,4100000,4100000,4100000,4100000,4100000,4100000,4100000,4100000,4100000,4100000,4100000,4100000,4100000,4100000,4100000,4100000,4100000,4100000,4100000,4100000,4100000,4100000,4100000,4100000,4100000,4100000,4100000,4100000,4100000,4100000,4100000,4100000,4100000,4100000,4100000,4100000,4100000,4100000,4100000,4100000,4100000,4100000,4100000,4100000,4100000,4100000,4100000,4100000,4100000,4100000,4100000,4100000,4100000,4100000,4100000,4100000
Samson and Delilah,0,0,0,0,0,0,0,0,0,0,0,0,0,0,0,0,0,0,0,0,0,0,0,0,0,0,0,0,0,0,0,0,0,0,14209250,14209250,14209250,14209250,14209250,14209250,14209250,14209250,14209250,14209250,14209250,14209250,14209250,14209250,14209250,14209250,14209250,14209250,14209250,14209250,14209250,14209250,14209250,14209250,14209250,14209250,14209250,14209250,14209250,14209250,14209250,14209250,14209250,14209250,14209250,14209250,14209250,14209250,14209250,14209250,14209250,14209250,14209250,14209250,14209250,14209250,14209250,14209250,14209250,14209250,14209250,14209250,14209250,14209250,14209250,14209250,14209250,14209250,14209250,14209250,14209250,14209250,14209250,14209250,14209250,14209250,14209250,14209250,14209250,14209250,14209250,14209250
Cinderella,0,0,0,0,0,0,0,0,0,0,0,0,0,0,0,0,0,0,0,0,0,0,0,0,0,0,0,0,0,0,0,0,0,0,0,20000000,20000000,20000000,20000000,20000000,20000000,20000000,20000000,20000000,20000000,20000000,20000000,20000000,20000000,20000000,20000000,20000000,20000000,20000000,20000000,20000000,20000000,20000000,20000000,20000000,20000000,20000000,20000000,20000000,20000000,20000000,20000000,20000000,20000000,20000000,20000000,20000000,20000000,20000000,20000000,20000000,20000000,20000000,20000000,20000000,20000000,20000000,20000000,20000000,20000000,20000000,20000000,20000000,20000000,20000000,20000000,20000000,20000000,20000000,20000000,20000000,20000000,20000000,20000000,20000000,20000000,20000000,20000000,20000000,20000000,20000000
King Solomon's Mines,0,0,0,0,0,0,0,0,0,0,0,0,0,0,0,0,0,0,0,0,0,0,0,0,0,0,0,0,0,0,0,0,0,0,0,10050000,10050000,10050000,10050000,10050000,10050000,10050000,10050000,10050000,10050000,10050000,10050000,10050000,10050000,10050000,10050000,10050000,10050000,10050000,10050000,10050000,10050000,10050000,10050000,10050000,10050000,10050000,10050000,10050000,10050000,10050000,10050000,10050000,10050000,10050000,10050000,10050000,10050000,10050000,10050000,10050000,10050000,10050000,10050000,10050000,10050000,10050000,10050000,10050000,10050000,10050000,10050000,10050000,10050000,10050000,10050000,10050000,10050000,10050000,10050000,10050000,10050000,10050000,10050000,10050000,10050000,10050000,10050000,10050000,10050000,10050000
Quo Vadis,0,0,0,0,0,0,0,0,0,0,0,0,0,0,0,0,0,0,0,0,0,0,0,0,0,0,0,0,0,0,0,0,0,0,0,0,24000000,24000000,24000000,24000000,24000000,24000000,24000000,24000000,24000000,24000000,24000000,24000000,24000000,24000000,24000000,24000000,24000000,24000000,24000000,24000000,24000000,24000000,24000000,24000000,24000000,24000000,24000000,24000000,24000000,24000000,24000000,24000000,24000000,24000000,24000000,24000000,24000000,24000000,24000000,24000000,24000000,24000000,24000000,24000000,24000000,24000000,24000000,24000000,24000000,24000000,24000000,24000000,24000000,24000000,24000000,24000000,24000000,24000000,24000000,24000000,24000000,24000000,24000000,24000000,24000000,24000000,24000000,24000000,24000000,24000000
This Is Cinerama,0,0,0,0,0,0,0,0,0,0,0,0,0,0,0,0,0,0,0,0,0,0,0,0,0,0,0,0,0,0,0,0,0,0,0,0,0,50000000,50000000,50000000,50000000,50000000,50000000,50000000,50000000,50000000,50000000,50000000,50000000,50000000,50000000,50000000,50000000,50000000,50000000,50000000,50000000,50000000,50000000,50000000,50000000,50000000,50000000,50000000,50000000,50000000,50000000,50000000,50000000,50000000,50000000,50000000,50000000,50000000,50000000,50000000,50000000,50000000,50000000,50000000,50000000,50000000,50000000,50000000,50000000,50000000,50000000,50000000,50000000,50000000,50000000,50000000,50000000,50000000,50000000,50000000,50000000,50000000,50000000,50000000,50000000,50000000,50000000,50000000,50000000,50000000
The Greatest Show on Earth,0,0,0,0,0,0,0,0,0,0,0,0,0,0,0,0,0,0,0,0,0,0,0,0,0,0,0,0,0,0,0,0,0,0,0,0,0,18350000,18350000,18350000,18350000,18350000,18350000,18350000,18350000,18350000,18350000,18350000,18350000,18350000,18350000,18350000,18350000,18350000,18350000,18350000,18350000,18350000,18350000,18350000,18350000,18350000,18350000,18350000,18350000,18350000,18350000,18350000,18350000,18350000,18350000,18350000,18350000,18350000,18350000,18350000,18350000,18350000,18350000,18350000,18350000,18350000,18350000,18350000,18350000,18350000,18350000,18350000,18350000,18350000,18350000,18350000,18350000,18350000,18350000,18350000,18350000,18350000,18350000,18350000,18350000,18350000,18350000,18350000,18350000,18350000
Peter Pan,0,0,0,0,0,0,0,0,0,0,0,0,0,0,0,0,0,0,0,0,0,0,0,0,0,0,0,0,0,0,0,0,0,0,0,0,0,0,7000000,7000000,7000000,7000000,7000000,7000000,7000000,7000000,7000000,7000000,7000000,7000000,7000000,7000000,7000000,7000000,7000000,7000000,7000000,7000000,7000000,7000000,7000000,7000000,7000000,7000000,7000000,7000000,7000000,7000000,7000000,7000000,7000000,7000000,7000000,7000000,7000000,7000000,7000000,7000000,7000000,7000000,7000000,7000000,7000000,7000000,7000000,7000000,7000000,7000000,7000000,7000000,7000000,7000000,7000000,7000000,7000000,7000000,7000000,7000000,7000000,7000000,7000000,7000000,7000000,7000000,7000000,7000000
The Robe,0,0,0,0,0,0,0,0,0,0,0,0,0,0,0,0,0,0,0,0,0,0,0,0,0,0,0,0,0,0,0,0,0,0,0,0,0,0,25500000,25500000,25500000,25500000,25500000,25500000,25500000,25500000,25500000,25500000,25500000,25500000,25500000,25500000,25500000,25500000,25500000,25500000,25500000,25500000,25500000,25500000,25500000,25500000,25500000,25500000,25500000,25500000,25500000,25500000,25500000,25500000,25500000,25500000,25500000,25500000,25500000,25500000,25500000,25500000,25500000,25500000,25500000,25500000,25500000,25500000,25500000,25500000,25500000,25500000,25500000,25500000,25500000,25500000,25500000,25500000,25500000,25500000,25500000,25500000,25500000,25500000,25500000,25500000,25500000,25500000,25500000,25500000
Rear Window,0,0,0,0,0,0,0,0,0,0,0,0,0,0,0,0,0,0,0,0,0,0,0,0,0,0,0,0,0,0,0,0,0,0,0,0,0,0,0,5300000,5300000,5300000,5300000,5300000,5300000,5300000,5300000,5300000,5300000,5300000,5300000,5300000,5300000,5300000,5300000,5300000,5300000,5300000,5300000,5300000,5300000,5300000,5300000,5300000,5300000,5300000,5300000,5300000,5300000,5300000,5300000,5300000,5300000,5300000,5300000,5300000,5300000,5300000,5300000,5300000,5300000,5300000,5300000,5300000,5300000,5300000,5300000,5300000,5300000,5300000,5300000,5300000,5300000,5300000,5300000,5300000,5300000,5300000,5300000,5300000,5300000,5300000,5300000,5300000,5300000,5300000
White Christmas,0,0,0,0,0,0,0,0,0,0,0,0,0,0,0,0,0,0,0,0,0,0,0,0,0,0,0,0,0,0,0,0,0,0,0,0,0,0,0,12000000,12000000,12000000,12000000,12000000,12000000,12000000,12000000,12000000,12000000,12000000,12000000,12000000,12000000,12000000,12000000,12000000,12000000,12000000,12000000,12000000,12000000,12000000,12000000,12000000,12000000,12000000,12000000,12000000,12000000,12000000,12000000,12000000,12000000,12000000,12000000,12000000,12000000,12000000,12000000,12000000,12000000,12000000,12000000,12000000,12000000,12000000,12000000,12000000,12000000,12000000,12000000,12000000,12000000,12000000,12000000,12000000,12000000,12000000,12000000,12000000,12000000,12000000,12000000,12000000,12000000,12000000
Lady and the Tramp,0,0,0,0,0,0,0,0,0,0,0,0,0,0,0,0,0,0,0,0,0,0,0,0,0,0,0,0,0,0,0,0,0,0,0,0,0,0,0,0,6500000,6500000,6500000,6500000,6500000,6500000,6500000,6500000,6500000,6500000,6500000,6500000,6500000,6500000,6500000,6500000,6500000,6500000,6500000,6500000,6500000,6500000,6500000,6500000,6500000,6500000,6500000,6500000,6500000,6500000,6500000,6500000,6500000,6500000,6500000,6500000,6500000,6500000,6500000,6500000,6500000,6500000,6500000,6500000,6500000,6500000,6500000,6500000,6500000,6500000,6500000,6500000,6500000,6500000,6500000,6500000,6500000,6500000,6500000,6500000,6500000,6500000,6500000,6500000,6500000,6500000
Cinerama Holiday,0,0,0,0,0,0,0,0,0,0,0,0,0,0,0,0,0,0,0,0,0,0,0,0,0,0,0,0,0,0,0,0,0,0,0,0,0,0,0,0,21000000,21000000,21000000,21000000,21000000,21000000,21000000,21000000,21000000,21000000,21000000,21000000,21000000,21000000,21000000,21000000,21000000,21000000,21000000,21000000,21000000,21000000,21000000,21000000,21000000,21000000,21000000,21000000,21000000,21000000,21000000,21000000,21000000,21000000,21000000,21000000,21000000,21000000,21000000,21000000,21000000,21000000,21000000,21000000,21000000,21000000,21000000,21000000,21000000,21000000,21000000,21000000,21000000,21000000,21000000,21000000,21000000,21000000,21000000,21000000,21000000,21000000,21000000,21000000,21000000,21000000
Mister Roberts,0,0,0,0,0,0,0,0,0,0,0,0,0,0,0,0,0,0,0,0,0,0,0,0,0,0,0,0,0,0,0,0,0,0,0,0,0,0,0,0,9900000,9900000,9900000,9900000,9900000,9900000,9900000,9900000,9900000,9900000,9900000,9900000,9900000,9900000,9900000,9900000,9900000,9900000,9900000,9900000,9900000,9900000,9900000,9900000,9900000,9900000,9900000,9900000,9900000,9900000,9900000,9900000,9900000,9900000,9900000,9900000,9900000,9900000,9900000,9900000,9900000,9900000,9900000,9900000,9900000,9900000,9900000,9900000,9900000,9900000,9900000,9900000,9900000,9900000,9900000,9900000,9900000,9900000,9900000,9900000,9900000,9900000,9900000,9900000,9900000,9900000
The Ten Commandments,0,0,0,0,0,0,0,0,0,0,0,0,0,0,0,0,0,0,0,0,0,0,0,0,0,0,0,0,0,0,0,0,0,0,0,0,0,0,0,0,0,80200000,80200000,80200000,80200000,80200000,80200000,80200000,80200000,80200000,80200000,80200000,80200000,80200000,80200000,80200000,80200000,80200000,80200000,80200000,80200000,80200000,80200000,80200000,80200000,80200000,80200000,80200000,80200000,80200000,80200000,80200000,80200000,80200000,80200000,80200000,80200000,80200000,80200000,80200000,80200000,80200000,80200000,80200000,80200000,80200000,80200000,80200000,80200000,80200000,80200000,80200000,80200000,80200000,80200000,80200000,80200000,80200000,80200000,80200000,80200000,80200000,80200000,80200000,80200000,80200000
The Bridge on the River Kwai,0,0,0,0,0,0,0,0,0,0,0,0,0,0,0,0,0,0,0,0,0,0,0,0,0,0,0,0,0,0,0,0,0,0,0,0,0,0,0,0,0,0,30600000,30600000,30600000,30600000,30600000,30600000,30600000,30600000,30600000,30600000,30600000,30600000,30600000,30600000,30600000,30600000,30600000,30600000,30600000,30600000,30600000,30600000,30600000,30600000,30600000,30600000,30600000,30600000,30600000,30600000,30600000,30600000,30600000,30600000,30600000,30600000,30600000,30600000,30600000,30600000,30600000,30600000,30600000,30600000,30600000,30600000,30600000,30600000,30600000,30600000,30600000,30600000,30600000,30600000,30600000,30600000,30600000,30600000,30600000,30600000,30600000,30600000,30600000,30600000
South Pacific,0,0,0,0,0,0,0,0,0,0,0,0,0,0,0,0,0,0,0,0,0,0,0,0,0,0,0,0,0,0,0,0,0,0,0,0,0,0,0,0,0,0,0,30000000,30000000,30000000,30000000,30000000,30000000,30000000,30000000,30000000,30000000,30000000,30000000,30000000,30000000,30000000,30000000,30000000,30000000,30000000,30000000,30000000,30000000,30000000,30000000,30000000,30000000,30000000,30000000,30000000,30000000,30000000,30000000,30000000,30000000,30000000,30000000,30000000,30000000,30000000,30000000,30000000,30000000,30000000,30000000,30000000,30000000,30000000,30000000,30000000,30000000,30000000,30000000,30000000,30000000,30000000,30000000,30000000,30000000,30000000,30000000,30000000,30000000,30000000
Ben-Hur,0,0,0,0,0,0,0,0,0,0,0,0,0,0,0,0,0,0,0,0,0,0,0,0,0,0,0,0,0,0,0,0,0,0,0,0,0,0,0,0,0,0,0,0,106500000,106500000,106500000,106500000,106500000,106500000,106500000,106500000,106500000,106500000,106500000,106500000,106500000,106500000,106500000,106500000,106500000,106500000,106500000,106500000,106500000,106500000,106500000,106500000,106500000,106500000,106500000,106500000,106500000,106500000,106500000,106500000,106500000,106500000,106500000,106500000,106500000,106500000,106500000,106500000,106500000,106500000,106500000,106500000,106500000,106500000,106500000,106500000,106500000,106500000,106500000,106500000,106500000,106500000,106500000,106500000,106500000,106500000,106500000,106500000,106500000,106500000
Swiss Family Robinson,0,0,0,0,0,0,0,0,0,0,0,0,0,0,0,0,0,0,0,0,0,0,0,0,0,0,0,0,0,0,0,0,0,0,0,0,0,0,0,0,0,0,0,0,0,30000000,30000000,30000000,30000000,30000000,30000000,30000000,30000000,30000000,30000000,30000000,30000000,30000000,30000000,30000000,30000000,30000000,30000000,30000000,30000000,30000000,30000000,30000000,30000000,30000000,30000000,30000000,30000000,30000000,30000000,30000000,30000000,30000000,30000000,30000000,30000000,30000000,30000000,30000000,30000000,30000000,30000000,30000000,30000000,30000000,30000000,30000000,30000000,30000000,30000000,30000000,30000000,30000000,30000000,30000000,30000000,30000000,30000000,30000000,30000000,30000000
Spartacus,0,0,0,0,0,0,0,0,0,0,0,0,0,0,0,0,0,0,0,0,0,0,0,0,0,0,0,0,0,0,0,0,0,0,0,0,0,0,0,0,0,0,0,0,0,41000000,41000000,41000000,41000000,41000000,41000000,41000000,41000000,41000000,41000000,41000000,41000000,41000000,41000000,41000000,41000000,41000000,41000000,41000000,41000000,41000000,41000000,41000000,41000000,41000000,41000000,41000000,41000000,41000000,41000000,41000000,41000000,41000000,41000000,41000000,41000000,41000000,41000000,41000000,41000000,41000000,41000000,41000000,41000000,41000000,41000000,41000000,41000000,41000000,41000000,41000000,41000000,41000000,41000000,41000000,41000000,41000000,41000000,41000000,41000000,41000000
Psycho,0,0,0,0,0,0,0,0,0,0,0,0,0,0,0,0,0,0,0,0,0,0,0,0,0,0,0,0,0,0,0,0,0,0,0,0,0,0,0,0,0,0,0,0,0,14000000,14000000,14000000,14000000,14000000,14000000,14000000,14000000,14000000,14000000,14000000,14000000,14000000,14000000,14000000,14000000,14000000,14000000,14000000,14000000,14000000,14000000,14000000,14000000,14000000,14000000,14000000,14000000,14000000,14000000,14000000,14000000,14000000,14000000,14000000,14000000,14000000,14000000,14000000,14000000,14000000,14000000,14000000,14000000,14000000,14000000,14000000,14000000,14000000,14000000,14000000,14000000,14000000,14000000,14000000,14000000,14000000,14000000,14000000,14000000,14000000
West Side Story,0,0,0,0,0,0,0,0,0,0,0,0,0,0,0,0,0,0,0,0,0,0,0,0,0,0,0,0,0,0,0,0,0,0,0,0,0,0,0,0,0,0,0,0,0,31800000,31800000,31800000,31800000,31800000,31800000,31800000,31800000,31800000,31800000,31800000,31800000,31800000,31800000,31800000,31800000,31800000,31800000,31800000,31800000,31800000,31800000,31800000,31800000,31800000,31800000,31800000,31800000,31800000,31800000,31800000,31800000,31800000,31800000,31800000,31800000,31800000,31800000,31800000,31800000,31800000,31800000,31800000,31800000,31800000,31800000,31800000,31800000,31800000,31800000,31800000,31800000,31800000,31800000,31800000,31800000,31800000,31800000,31800000,31800000,31800000
Lawrence of Arabia,0,0,0,0,0,0,0,0,0,0,0,0,0,0,0,0,0,0,0,0,0,0,0,0,0,0,0,0,0,0,0,0,0,0,0,0,0,0,0,0,0,0,0,0,0,0,0,69995385,69995385,69995385,69995385,69995385,69995385,69995385,69995385,69995385,69995385,69995385,69995385,69995385,69995385,69995385,69995385,69995385,69995385,69995385,69995385,69995385,69995385,69995385,69995385,69995385,69995385,69995385,69995385,69995385,69995385,69995385,69995385,69995385,69995385,69995385,69995385,69995385,69995385,69995385,69995385,69995385,69995385,69995385,69995385,69995385,69995385,69995385,69995385,69995385,69995385,69995385,69995385,69995385,69995385,69995385,69995385,69995385,69995385,69995385
How the West Was Won,0,0,0,0,0,0,0,0,0,0,0,0,0,0,0,0,0,0,0,0,0,0,0,0,0,0,0,0,0,0,0,0,0,0,0,0,0,0,0,0,0,0,0,0,0,0,0,35000000,35000000,35000000,35000000,35000000,35000000,35000000,35000000,35000000,35000000,35000000,35000000,35000000,35000000,35000000,35000000,35000000,35000000,35000000,35000000,35000000,35000000,35000000,35000000,35000000,35000000,35000000,35000000,35000000,35000000,35000000,35000000,35000000,35000000,35000000,35000000,35000000,35000000,35000000,35000000,35000000,35000000,35000000,35000000,35000000,35000000,35000000,35000000,35000000,35000000,35000000,35000000,35000000,35000000,35000000,35000000,35000000,35000000,35000000
The Longest Day,0,0,0,0,0,0,0,0,0,0,0,0,0,0,0,0,0,0,0,0,0,0,0,0,0,0,0,0,0,0,0,0,0,0,0,0,0,0,0,0,0,0,0,0,0,0,0,33200000,33200000,33200000,33200000,33200000,33200000,33200000,33200000,33200000,33200000,33200000,33200000,33200000,33200000,33200000,33200000,33200000,33200000,33200000,33200000,33200000,33200000,33200000,33200000,33200000,33200000,33200000,33200000,33200000,33200000,33200000,33200000,33200000,33200000,33200000,33200000,33200000,33200000,33200000,33200000,33200000,33200000,33200000,33200000,33200000,33200000,33200000,33200000,33200000,33200000,33200000,33200000,33200000,33200000,33200000,33200000,33200000,33200000,33200000
Cleopatra,0,0,0,0,0,0,0,0,0,0,0,0,0,0,0,0,0,0,0,0,0,0,0,0,0,0,0,0,0,0,0,0,0,0,0,0,0,0,0,0,0,0,0,0,0,0,0,0,40300000,40300000,40300000,40300000,40300000,40300000,40300000,40300000,40300000,40300000,40300000,40300000,40300000,40300000,40300000,40300000,40300000,40300000,40300000,40300000,40300000,40300000,40300000,40300000,40300000,40300000,40300000,40300000,40300000,40300000,40300000,40300000,40300000,40300000,40300000,40300000,40300000,40300000,40300000,40300000,40300000,40300000,40300000,40300000,40300000,40300000,40300000,40300000,40300000,40300000,40300000,40300000,40300000,40300000,40300000,40300000,40300000,40300000
From Russia with Love,0,0,0,0,0,0,0,0,0,0,0,0,0,0,0,0,0,0,0,0,0,0,0,0,0,0,0,0,0,0,0,0,0,0,0,0,0,0,0,0,0,0,0,0,0,0,0,0,53900000,53900000,53900000,53900000,53900000,53900000,53900000,53900000,53900000,53900000,53900000,53900000,53900000,53900000,53900000,53900000,53900000,53900000,53900000,53900000,53900000,53900000,53900000,53900000,53900000,53900000,53900000,53900000,53900000,53900000,53900000,53900000,53900000,53900000,53900000,53900000,53900000,53900000,53900000,53900000,53900000,53900000,53900000,53900000,53900000,53900000,53900000,53900000,53900000,53900000,53900000,53900000,53900000,53900000,53900000,53900000,53900000,53900000
My Fair Lady,0,0,0,0,0,0,0,0,0,0,0,0,0,0,0,0,0,0,0,0,0,0,0,0,0,0,0,0,0,0,0,0,0,0,0,0,0,0,0,0,0,0,0,0,0,0,0,0,0,55000000,55000000,55000000,55000000,55000000,55000000,55000000,55000000,55000000,55000000,55000000,55000000,55000000,55000000,55000000,55000000,55000000,55000000,55000000,55000000,55000000,55000000,55000000,55000000,55000000,55000000,55000000,55000000,55000000,55000000,55000000,55000000,55000000,55000000,55000000,55000000,55000000,55000000,55000000,55000000,55000000,55000000,55000000,55000000,55000000,55000000,55000000,55000000,55000000,55000000,55000000,55000000,55000000,55000000,55000000,55000000,55000000
Goldfinger,0,0,0,0,0,0,0,0,0,0,0,0,0,0,0,0,0,0,0,0,0,0,0,0,0,0,0,0,0,0,0,0,0,0,0,0,0,0,0,0,0,0,0,0,0,0,0,0,0,46000000,46000000,46000000,46000000,46000000,46000000,46000000,46000000,46000000,46000000,46000000,46000000,46000000,46000000,46000000,46000000,46000000,46000000,46000000,46000000,46000000,46000000,46000000,46000000,46000000,46000000,46000000,46000000,46000000,46000000,46000000,46000000,46000000,46000000,46000000,46000000,46000000,46000000,46000000,46000000,46000000,46000000,46000000,46000000,46000000,46000000,46000000,46000000,46000000,46000000,46000000,46000000,46000000,46000000,46000000,46000000,46000000
Mary Poppins,0,0,0,0,0,0,0,0,0,0,0,0,0,0,0,0,0,0,0,0,0,0,0,0,0,0,0,0,0,0,0,0,0,0,0,0,0,0,0,0,0,0,0,0,0,0,0,0,0,47000000,47000000,47000000,47000000,47000000,47000000,47000000,47000000,47000000,47000000,47000000,47000000,47000000,47000000,47000000,47000000,47000000,47000000,47000000,47000000,47000000,47000000,47000000,47000000,47000000,47000000,47000000,47000000,47000000,47000000,47000000,47000000,47000000,47000000,47000000,47000000,47000000,47000000,47000000,47000000,47000000,47000000,47000000,47000000,47000000,47000000,47000000,47000000,47000000,47000000,47000000,47000000,47000000,47000000,47000000,47000000,47000000
The Sound of Music,0,0,0,0,0,0,0,0,0,0,0,0,0,0,0,0,0,0,0,0,0,0,0,0,0,0,0,0,0,0,0,0,0,0,0,0,0,0,0,0,0,0,0,0,0,0,0,0,0,0,114600000,114600000,114600000,114600000,114600000,114600000,114600000,114600000,114600000,114600000,114600000,114600000,114600000,114600000,114600000,114600000,114600000,114600000,114600000,114600000,114600000,114600000,114600000,114600000,114600000,114600000,114600000,114600000,114600000,114600000,114600000,114600000,114600000,114600000,114600000,114600000,114600000,114600000,114600000,114600000,114600000,114600000,114600000,114600000,114600000,114600000,114600000,114600000,114600000,114600000,114600000,114600000,114600000,114600000,114600000,114600000
The Bible: In the Beginning,0,0,0,0,0,0,0,0,0,0,0,0,0,0,0,0,0,0,0,0,0,0,0,0,0,0,0,0,0,0,0,0,0,0,0,0,0,0,0,0,0,0,0,0,0,0,0,0,0,0,0,25325000,25325000,25325000,25325000,25325000,25325000,25325000,25325000,25325000,25325000,25325000,25325000,25325000,25325000,25325000,25325000,25325000,25325000,25325000,25325000,25325000,25325000,25325000,25325000,25325000,25325000,25325000,25325000,25325000,25325000,25325000,25325000,25325000,25325000,25325000,25325000,25325000,25325000,25325000,25325000,25325000,25325000,25325000,25325000,25325000,25325000,25325000,25325000,25325000,25325000,25325000,25325000,25325000,25325000,25325000
Hawaii,0,0,0,0,0,0,0,0,0,0,0,0,0,0,0,0,0,0,0,0,0,0,0,0,0,0,0,0,0,0,0,0,0,0,0,0,0,0,0,0,0,0,0,0,0,0,0,0,0,0,0,15600000,15600000,15600000,15600000,15600000,15600000,15600000,15600000,15600000,15600000,15600000,15600000,15600000,15600000,15600000,15600000,15600000,15600000,15600000,15600000,15600000,15600000,15600000,15600000,15600000,15600000,15600000,15600000,15600000,15600000,15600000,15600000,15600000,15600000,15600000,15600000,15600000,15600000,15600000,15600000,15600000,15600000,15600000,15600000,15600000,15600000,15600000,15600000,15600000,15600000,15600000,15600000,15600000,15600000,15600000
Who's Afraid of Virginia Woolf?,0,0,0,0,0,0,0,0,0,0,0,0,0,0,0,0,0,0,0,0,0,0,0,0,0,0,0,0,0,0,0,0,0,0,0,0,0,0,0,0,0,0,0,0,0,0,0,0,0,0,0,14500000,14500000,14500000,14500000,14500000,14500000,14500000,14500000,14500000,14500000,14500000,14500000,14500000,14500000,14500000,14500000,14500000,14500000,14500000,14500000,14500000,14500000,14500000,14500000,14500000,14500000,14500000,14500000,14500000,14500000,14500000,14500000,14500000,14500000,14500000,14500000,14500000,14500000,14500000,14500000,14500000,14500000,14500000,14500000,14500000,14500000,14500000,14500000,14500000,14500000,14500000,14500000,14500000,14500000,14500000
The Jungle Book,0,0,0,0,0,0,0,0,0,0,0,0,0,0,0,0,0,0,0,0,0,0,0,0,0,0,0,0,0,0,0,0,0,0,0,0,0,0,0,0,0,0,0,0,0,0,0,0,0,0,0,0,23800000,23800000,23800000,23800000,23800000,23800000,23800000,23800000,23800000,23800000,23800000,23800000,23800000,23800000,23800000,23800000,23800000,23800000,23800000,23800000,23800000,23800000,23800000,23800000,23800000,23800000,23800000,23800000,23800000,23800000,23800000,23800000,23800000,23800000,23800000,23800000,23800000,23800000,23800000,23800000,23800000,23800000,23800000,23800000,23800000,23800000,23800000,23800000,23800000,23800000,23800000,23800000,23800000,23800000
The Graduate,0,0,0,0,0,0,0,0,0,0,0,0,0,0,0,0,0,0,0,0,0,0,0,0,0,0,0,0,0,0,0,0,0,0,0,0,0,0,0,0,0,0,0,0,0,0,0,0,0,0,0,0,85000000,85000000,85000000,85000000,85000000,85000000,85000000,85000000,85000000,85000000,85000000,85000000,85000000,85000000,85000000,85000000,85000000,85000000,85000000,85000000,85000000,85000000,85000000,85000000,85000000,85000000,85000000,85000000,85000000,85000000,85000000,85000000,85000000,85000000,85000000,85000000,85000000,85000000,85000000,85000000,85000000,85000000,85000000,85000000,85000000,85000000,85000000,85000000,85000000,85000000,85000000,85000000,85000000,85000000
2001: A Space Odyssey,0,0,0,0,0,0,0,0,0,0,0,0,0,0,0,0,0,0,0,0,0,0,0,0,0,0,0,0,0,0,0,0,0,0,0,0,0,0,0,0,0,0,0,0,0,0,0,0,0,0,0,0,0,165500000,165500000,165500000,165500000,165500000,165500000,165500000,165500000,165500000,165500000,165500000,165500000,165500000,165500000,165500000,165500000,165500000,165500000,165500000,165500000,165500000,165500000,165500000,165500000,165500000,165500000,165500000,165500000,165500000,165500000,165500000,165500000,165500000,165500000,165500000,165500000,165500000,165500000,165500000,165500000,165500000,165500000,165500000,165500000,165500000,165500000,165500000,165500000,165500000,165500000,165500000,165500000,165500000
Funny Girl,0,0,0,0,0,0,0,0,0,0,0,0,0,0,0,0,0,0,0,0,0,0,0,0,0,0,0,0,0,0,0,0,0,0,0,0,0,0,0,0,0,0,0,0,0,0,0,0,0,0,0,0,0,90000000,90000000,90000000,90000000,90000000,90000000,90000000,90000000,90000000,90000000,90000000,90000000,90000000,90000000,90000000,90000000,90000000,90000000,90000000,90000000,90000000,90000000,90000000,90000000,90000000,90000000,90000000,90000000,90000000,90000000,90000000,90000000,90000000,90000000,90000000,90000000,90000000,90000000,90000000,90000000,90000000,90000000,90000000,90000000,90000000,90000000,90000000,90000000,90000000,90000000,90000000,90000000,90000000
Butch Cassidy and the Sundance Kid,0,0,0,0,0,0,0,0,0,0,0,0,0,0,0,0,0,0,0,0,0,0,0,0,0,0,0,0,0,0,0,0,0,0,0,0,0,0,0,0,0,0,0,0,0,0,0,0,0,0,0,0,0,0,37100000,37100000,37100000,37100000,37100000,37100000,37100000,37100000,37100000,37100000,37100000,37100000,37100000,37100000,37100000,37100000,37100000,37100000,37100000,37100000,37100000,37100000,37100000,37100000,37100000,37100000,37100000,37100000,37100000,37100000,37100000,37100000,37100000,37100000,37100000,37100000,37100000,37100000,37100000,37100000,37100000,37100000,37100000,37100000,37100000,37100000,37100000,37100000,37100000,37100000,37100000,37100000
Love Story,0,0,0,0,0,0,0,0,0,0,0,0,0,0,0,0,0,0,0,0,0,0,0,0,0,0,0,0,0,0,0,0,0,0,0,0,0,0,0,0,0,0,0,0,0,0,0,0,0,0,0,0,0,0,0,80000000,80000000,80000000,80000000,80000000,80000000,80000000,80000000,80000000,80000000,80000000,80000000,80000000,80000000,80000000,80000000,80000000,80000000,80000000,80000000,80000000,80000000,80000000,80000000,80000000,80000000,80000000,80000000,80000000,80000000,80000000,80000000,80000000,80000000,80000000,80000000,80000000,80000000,80000000,80000000,80000000,80000000,80000000,80000000,80000000,80000000,80000000,80000000,80000000,80000000,80000000
Airport,0,0,0,0,0,0,0,0,0,0,0,0,0,0,0,0,0,0,0,0,0,0,0,0,0,0,0,0,0,0,0,0,0,0,0,0,0,0,0,0,0,0,0,0,0,0,0,0,0,0,0,0,0,0,0,75000000,75000000,75000000,75000000,75000000,75000000,75000000,75000000,75000000,75000000,75000000,75000000,75000000,75000000,75000000,75000000,75000000,75000000,75000000,75000000,75000000,75000000,75000000,75000000,75000000,75000000,75000000,75000000,75000000,75000000,75000000,75000000,75000000,75000000,75000000,75000000,75000000,75000000,75000000,75000000,75000000,75000000,75000000,75000000,75000000,75000000,75000000,75000000,75000000,75000000,75000000
The French Connection,0,0,0,0,0,0,0,0,0,0,0,0,0,0,0,0,0,0,0,0,0,0,0,0,0,0,0,0,0,0,0,0,0,0,0,0,0,0,0,0,0,0,0,0,0,0,0,0,0,0,0,0,0,0,0,0,75000000,75000000,75000000,75000000,75000000,75000000,75000000,75000000,75000000,75000000,75000000,75000000,75000000,75000000,75000000,75000000,75000000,75000000,75000000,75000000,75000000,75000000,75000000,75000000,75000000,75000000,75000000,75000000,75000000,75000000,75000000,75000000,75000000,75000000,75000000,75000000,75000000,75000000,75000000,75000000,75000000,75000000,75000000,75000000,75000000,75000000,75000000,75000000,75000000,75000000
Fiddler on the Roof,0,0,0,0,0,0,0,0,0,0,0,0,0,0,0,0,0,0,0,0,0,0,0,0,0,0,0,0,0,0,0,0,0,0,0,0,0,0,0,0,0,0,0,0,0,0,0,0,0,0,0,0,0,0,0,0,49400000,49400000,49400000,49400000,49400000,49400000,49400000,49400000,49400000,49400000,49400000,49400000,49400000,49400000,49400000,49400000,49400000,49400000,49400000,49400000,49400000,49400000,49400000,49400000,49400000,49400000,49400000,49400000,49400000,49400000,49400000,49400000,49400000,49400000,49400000,49400000,49400000,49400000,49400000,49400000,49400000,49400000,49400000,49400000,49400000,49400000,49400000,49400000,49400000,49400000
Diamonds Are Forever,0,0,0,0,0,0,0,0,0,0,0,0,0,0,0,0,0,0,0,0,0,0,0,0,0,0,0,0,0,0,0,0,0,0,0,0,0,0,0,0,0,0,0,0,0,0,0,0,0,0,0,0,0,0,0,0,81000000,81000000,81000000,81000000,81000000,81000000,81000000,81000000,81000000,81000000,81000000,81000000,81000000,81000000,81000000,81000000,81000000,81000000,81000000,81000000,81000000,81000000,81000000,81000000,81000000,81000000,81000000,81000000,81000000,81000000,81000000,81000000,81000000,81000000,81000000,81000000,81000000,81000000,81000000,81000000,81000000,81000000,81000000,81000000,81000000,81000000,81000000,81000000,81000000,81000000
The Godfather,0,0,0,0,0,0,0,0,0,0,0,0,0,0,0,0,0,0,0,0,0,0,0,0,0,0,0,0,0,0,0,0,0,0,0,0,0,0,0,0,0,0,0,0,0,0,0,0,0,0,0,0,0,0,0,0,0,266500000,266500000,266500000,266500000,266500000,266500000,266500000,266500000,266500000,266500000,266500000,266500000,266500000,266500000,266500000,266500000,266500000,266500000,266500000,266500000,266500000,266500000,266500000,266500000,266500000,266500000,266500000,266500000,266500000,266500000,266500000,266500000,266500000,266500000,266500000,266500000,266500000,266500000,266500000,266500000,266500000,266500000,266500000,266500000,266500000,266500000,266500000,266500000,266500000
The Exorcist,0,0,0,0,0,0,0,0,0,0,0,0,0,0,0,0,0,0,0,0,0,0,0,0,0,0,0,0,0,0,0,0,0,0,0,0,0,0,0,0,0,0,0,0,0,0,0,0,0,0,0,0,0,0,0,0,0,0,112300000,112300000,112300000,112300000,112300000,112300000,112300000,112300000,112300000,112300000,112300000,112300000,112300000,112300000,112300000,112300000,112300000,112300000,112300000,112300000,112300000,112300000,112300000,112300000,112300000,112300000,112300000,112300000,112300000,112300000,112300000,112300000,112300000,112300000,112300000,112300000,112300000,112300000,112300000,112300000,112300000,112300000,112300000,112300000,112300000,112300000,112300000,112300000
The Sting,0,0,0,0,0,0,0,0,0,0,0,0,0,0,0,0,0,0,0,0,0,0,0,0,0,0,0,0,0,0,0,0,0,0,0,0,0,0,0,0,0,0,0,0,0,0,0,0,0,0,0,0,0,0,0,0,0,0,115000000,115000000,115000000,115000000,115000000,115000000,115000000,115000000,115000000,115000000,115000000,115000000,115000000,115000000,115000000,115000000,115000000,115000000,115000000,115000000,115000000,115000000,115000000,115000000,115000000,115000000,115000000,115000000,115000000,115000000,115000000,115000000,115000000,115000000,115000000,115000000,115000000,115000000,115000000,115000000,115000000,115000000,115000000,115000000,115000000,115000000,115000000,115000000
The Towering Inferno,0,0,0,0,0,0,0,0,0,0,0,0,0,0,0,0,0,0,0,0,0,0,0,0,0,0,0,0,0,0,0,0,0,0,0,0,0,0,0,0,0,0,0,0,0,0,0,0,0,0,0,0,0,0,0,0,0,0,0,104838000,104838000,104838000,104838000,104838000,104838000,104838000,104838000,104838000,104838000,104838000,104838000,104838000,104838000,104838000,104838000,104838000,104838000,104838000,104838000,104838000,104838000,104838000,104838000,104838000,104838000,104838000,104838000,104838000,104838000,104838000,104838000,104838000,104838000,104838000,104838000,104838000,104838000,104838000,104838000,104838000,104838000,104838000,104838000,104838000,104838000,104838000
Jaws,0,0,0,0,0,0,0,0,0,0,0,0,0,0,0,0,0,0,0,0,0,0,0,0,0,0,0,0,0,0,0,0,0,0,0,0,0,0,0,0,0,0,0,0,0,0,0,0,0,0,0,0,0,0,0,0,0,0,0,0,193700000,193700000,193700000,193700000,193700000,193700000,193700000,193700000,193700000,193700000,193700000,193700000,193700000,193700000,193700000,193700000,193700000,193700000,193700000,193700000,193700000,193700000,193700000,193700000,193700000,193700000,193700000,193700000,193700000,193700000,193700000,193700000,193700000,193700000,193700000,193700000,193700000,193700000,193700000,193700000,193700000,193700000,193700000,193700000,193700000,193700000
Rocky,0,0,0,0,0,0,0,0,0,0,0,0,0,0,0,0,0,0,0,0,0,0,0,0,0,0,0,0,0,0,0,0,0,0,0,0,0,0,0,0,0,0,0,0,0,0,0,0,0,0,0,0,0,0,0,0,0,0,0,0,0,77100000,77100000,77100000,77100000,77100000,77100000,77100000,77100000,77100000,77100000,77100000,77100000,77100000,77100000,77100000,77100000,77100000,77100000,77100000,77100000,77100000,77100000,77100000,77100000,77100000,77100000,77100000,77100000,77100000,77100000,77100000,77100000,77100000,77100000,77100000,77100000,77100000,77100000,77100000,77100000,77100000,77100000,77100000,77100000,77100000
Grease,0,0,0,0,0,0,0,0,0,0,0,0,0,0,0,0,0,0,0,0,0,0,0,0,0,0,0,0,0,0,0,0,0,0,0,0,0,0,0,0,0,0,0,0,0,0,0,0,0,0,0,0,0,0,0,0,0,0,0,0,0,0,0,341000000,341000000,341000000,341000000,341000000,341000000,341000000,341000000,341000000,341000000,341000000,341000000,341000000,341000000,341000000,341000000,341000000,341000000,341000000,341000000,341000000,341000000,341000000,341000000,341000000,341000000,341000000,341000000,341000000,341000000,341000000,341000000,341000000,341000000,341000000,341000000,341000000,341000000,341000000,341000000,341000000,341000000,341000000
Moonraker,0,0,0,0,0,0,0,0,0,0,0,0,0,0,0,0,0,0,0,0,0,0,0,0,0,0,0,0,0,0,0,0,0,0,0,0,0,0,0,0,0,0,0,0,0,0,0,0,0,0,0,0,0,0,0,0,0,0,0,0,0,0,0,0,210300000,210300000,210300000,210300000,210300000,210300000,210300000,210300000,210300000,210300000,210300000,210300000,210300000,210300000,210300000,210300000,210300000,210300000,210300000,210300000,210300000,210300000,210300000,210300000,210300000,210300000,210300000,210300000,210300000,210300000,210300000,210300000,210300000,210300000,210300000,210300000,210300000,210300000,210300000,210300000,210300000,210300000
Rocky II,0,0,0,0,0,0,0,0,0,0,0,0,0,0,0,0,0,0,0,0,0,0,0,0,0,0,0,0,0,0,0,0,0,0,0,0,0,0,0,0,0,0,0,0,0,0,0,0,0,0,0,0,0,0,0,0,0,0,0,0,0,0,0,0,200182289,200182289,200182289,200182289,200182289,200182289,200182289,200182289,200182289,200182289,200182289,200182289,200182289,200182289,200182289,200182289,200182289,200182289,200182289,200182289,200182289,200182289,200182289,200182289,200182289,200182289,200182289,200182289,200182289,200182289,200182289,200182289,200182289,200182289,200182289,200182289,200182289,200182289,200182289,200182289,200182289,200182289
The Empire Strikes Back,0,0,0,0,0,0,0,0,0,0,0,0,0,0,0,0,0,0,0,0,0,0,0,0,0,0,0,0,0,0,0,0,0,0,0,0,0,0,0,0,0,0,0,0,0,0,0,0,0,0,0,0,0,0,0,0,0,0,0,0,0,0,0,0,0,413562607,413562607,413562607,413562607,413562607,413562607,413562607,413562607,413562607,413562607,413562607,413562607,413562607,413562607,413562607,413562607,413562607,413562607,413562607,413562607,413562607,413562607,413562607,413562607,413562607,413562607,413562607,413562607,413562607,413562607,413562607,413562607,413562607,413562607,413562607,413562607,413562607,413562607,413562607,413562607,413562607
Raiders of the Lost Ark,0,0,0,0,0,0,0,0,0,0,0,0,0,0,0,0,0,0,0,0,0,0,0,0,0,0,0,0,0,0,0,0,0,0,0,0,0,0,0,0,0,0,0,0,0,0,0,0,0,0,0,0,0,0,0,0,0,0,0,0,0,0,0,0,0,0,389925971,389925971,389925971,389925971,389925971,389925971,389925971,389925971,389925971,389925971,389925971,389925971,389925971,389925971,389925971,389925971,389925971,389925971,389925971,389925971,389925971,389925971,389925971,389925971,389925971,389925971,389925971,389925971,389925971,389925971,389925971,389925971,389925971,389925971,389925971,389925971,389925971,389925971,389925971,389925971
Return of the Jedi,0,0,0,0,0,0,0,0,0,0,0,0,0,0,0,0,0,0,0,0,0,0,0,0,0,0,0,0,0,0,0,0,0,0,0,0,0,0,0,0,0,0,0,0,0,0,0,0,0,0,0,0,0,0,0,0,0,0,0,0,0,0,0,0,0,0,0,0,385845197,385845197,385845197,385845197,385845197,385845197,385845197,385845197,385845197,385845197,385845197,385845197,385845197,385845197,385845197,385845197,385845197,385845197,385845197,385845197,385845197,385845197,385845197,385845197,385845197,385845197,385845197,385845197,385845197,385845197,385845197,385845197,385845197,385845197,385845197,385845197,385845197,385845197
Indiana Jones and the Temple of Doom,0,0,0,0,0,0,0,0,0,0,0,0,0,0,0,0,0,0,0,0,0,0,0,0,0,0,0,0,0,0,0,0,0,0,0,0,0,0,0,0,0,0,0,0,0,0,0,0,0,0,0,0,0,0,0,0,0,0,0,0,0,0,0,0,0,0,0,0,0,333107271,333107271,333107271,333107271,333107271,333107271,333107271,333107271,333107271,333107271,333107271,333107271,333107271,333107271,333107271,333107271,333107271,333107271,333107271,333107271,333107271,333107271,333107271,333107271,333107271,333107271,333107271,333107271,333107271,333107271,333107271,333107271,333107271,333107271,333107271,333107271,333107271
Back to the Future,0,0,0,0,0,0,0,0,0,0,0,0,0,0,0,0,0,0,0,0,0,0,0,0,0,0,0,0,0,0,0,0,0,0,0,0,0,0,0,0,0,0,0,0,0,0,0,0,0,0,0,0,0,0,0,0,0,0,0,0,0,0,0,0,0,0,0,0,0,0,381109762,381109762,381109762,381109762,381109762,381109762,381109762,381109762,381109762,381109762,381109762,381109762,381109762,381109762,381109762,381109762,381109762,381109762,381109762,381109762,381109762,381109762,381109762,381109762,381109762,381109762,381109762,381109762,381109762,381109762,381109762,381109762,381109762,381109762,381109762,381109762
Top Gun,0,0,0,0,0,0,0,0,0,0,0,0,0,0,0,0,0,0,0,0,0,0,0,0,0,0,0,0,0,0,0,0,0,0,0,0,0,0,0,0,0,0,0,0,0,0,0,0,0,0,0,0,0,0,0,0,0,0,0,0,0,0,0,0,0,0,0,0,0,0,0,345000000,345000000,345000000,345000000,345000000,345000000,345000000,345000000,345000000,345000000,345000000,345000000,345000000,345000000,345000000,345000000,345000000,345000000,345000000,345000000,345000000,345000000,345000000,345000000,345000000,345000000,345000000,345000000,345000000,345000000,345000000,345000000,345000000,345000000,345000000
Fatal Attraction,0,0,0,0,0,0,0,0,0,0,0,0,0,0,0,0,0,0,0,0,0,0,0,0,0,0,0,0,0,0,0,0,0,0,0,0,0,0,0,0,0,0,0,0,0,0,0,0,0,0,0,0,0,0,0,0,0,0,0,0,0,0,0,0,0,0,0,0,0,0,0,0,320145905,320145905,320145905,320145905,320145905,320145905,320145905,320145905,320145905,320145905,320145905,320145905,320145905,320145905,320145905,320145905,320145905,320145905,320145905,320145905,320145905,320145905,320145905,320145905,320145905,320145905,320145905,320145905,320145905,320145905,320145905,320145905,320145905,320145905
Rain Man,0,0,0,0,0,0,0,0,0,0,0,0,0,0,0,0,0,0,0,0,0,0,0,0,0,0,0,0,0,0,0,0,0,0,0,0,0,0,0,0,0,0,0,0,0,0,0,0,0,0,0,0,0,0,0,0,0,0,0,0,0,0,0,0,0,0,0,0,0,0,0,0,0,354825476,354825476,354825476,354825476,354825476,354825476,354825476,354825476,354825476,354825476,354825476,354825476,354825476,354825476,354825476,354825476,354825476,354825476,354825476,354825476,354825476,354825476,354825476,354825476,354825476,354825476,354825476,354825476,354825476,354825476,354825476,354825476,354825476
Indiana Jones and the Last Crusade,0,0,0,0,0,0,0,0,0,0,0,0,0,0,0,0,0,0,0,0,0,0,0,0,0,0,0,0,0,0,0,0,0,0,0,0,0,0,0,0,0,0,0,0,0,0,0,0,0,0,0,0,0,0,0,0,0,0,0,0,0,0,0,0,0,0,0,0,0,0,0,0,0,0,484171806,484171806,484171806,484171806,484171806,484171806,484171806,484171806,484171806,484171806,484171806,484171806,484171806,484171806,484171806,484171806,484171806,484171806,484171806,484171806,484171806,484171806,484171806,484171806,484171806,484171806,484171806,484171806,484171806,484171806,484171806,484171806
Ghost,0,0,0,0,0,0,0,0,0,0,0,0,0,0,0,0,0,0,0,0,0,0,0,0,0,0,0,0,0,0,0,0,0,0,0,0,0,0,0,0,0,0,0,0,0,0,0,0,0,0,0,0,0,0,0,0,0,0,0,0,0,0,0,0,0,0,0,0,0,0,0,0,0,0,0,505702423,505702423,505702423,505702423,505702423,505702423,505702423,505702423,505702423,505702423,505702423,505702423,505702423,505702423,505702423,505702423,505702423,505702423,505702423,505702423,505702423,505702423,505702423,505702423,505702423,505702423,505702423,505702423,505702423,505702423,505702423
Terminator 2: Judgment Day,0,0,0,0,0,0,0,0,0,0,0,0,0,0,0,0,0,0,0,0,0,0,0,0,0,0,0,0,0,0,0,0,0,0,0,0,0,0,0,0,0,0,0,0,0,0,0,0,0,0,0,0,0,0,0,0,0,0,0,0,0,0,0,0,0,0,0,0,0,0,0,0,0,0,0,0,519843345,519843345,519843345,519843345,519843345,519843345,519843345,519843345,519843345,519843345,519843345,519843345,519843345,519843345,519843345,519843345,519843345,519843345,519843345,519843345,519843345,519843345,519843345,519843345,519843345,519843345,519843345,519843345,519843345,519843345
Aladdin,0,0,0,0,0,0,0,0,0,0,0,0,0,0,0,0,0,0,0,0,0,0,0,0,0,0,0,0,0,0,0,0,0,0,0,0,0,0,0,0,0,0,0,0,0,0,0,0,0,0,0,0,0,0,0,0,0,0,0,0,0,0,0,0,0,0,0,0,0,0,0,0,0,0,0,0,0,504050045,504050045,504050045,504050045,504050045,504050045,504050045,504050045,504050045,504050045,504050045,504050045,504050045,504050045,504050045,504050045,504050045,504050045,504050045,504050045,504050045,504050045,504050045,504050045,504050045,504050045,504050045,504050045,504050045
Jurassic Park,0,0,0,0,0,0,0,0,0,0,0,0,0,0,0,0,0,0,0,0,0,0,0,0,0,0,0,0,0,0,0,0,0,0,0,0,0,0,0,0,0,0,0,0,0,0,0,0,0,0,0,0,0,0,0,0,0,0,0,0,0,0,0,0,0,0,0,0,0,0,0,0,0,0,0,0,0,0,914691118,914691118,914691118,914691118,914691118,914691118,914691118,914691118,914691118,914691118,914691118,914691118,914691118,914691118,914691118,914691118,914691118,914691118,914691118,914691118,914691118,914691118,914691118,914691118,914691118,914691118,914691118,914691118
The Lion King,0,0,0,0,0,0,0,0,0,0,0,0,0,0,0,0,0,0,0,0,0,0,0,0,0,0,0,0,0,0,0,0,0,0,0,0,0,0,0,0,0,0,0,0,0,0,0,0,0,0,0,0,0,0,0,0,0,0,0,0,0,0,0,0,0,0,0,0,0,0,0,0,0,0,0,0,0,0,0,763455561,763455561,763455561,763455561,763455561,763455561,763455561,763455561,763455561,763455561,763455561,763455561,763455561,763455561,763455561,763455561,763455561,763455561,763455561,763455561,763455561,763455561,763455561,763455561,763455561,763455561,763455561
Toy Story,0,0,0,0,0,0,0,0,0,0,0,0,0,0,0,0,0,0,0,0,0,0,0,0,0,0,0,0,0,0,0,0,0,0,0,0,0,0,0,0,0,0,0,0,0,0,0,0,0,0,0,0,0,0,0,0,0,0,0,0,0,0,0,0,0,0,0,0,0,0,0,0,0,0,0,0,0,0,0,0,364873776,364873776,364873776,364873776,364873776,364873776,364873776,364873776,364873776,364873776,364873776,364873776,364873776,364873776,364873776,364873776,364873776,364873776,364873776,364873776,364873776,364873776,364873776,364873776,364873776,364873776
Independence Day,0,0,0,0,0,0,0,0,0,0,0,0,0,0,0,0,0,0,0,0,0,0,0,0,0,0,0,0,0,0,0,0,0,0,0,0,0,0,0,0,0,0,0,0,0,0,0,0,0,0,0,0,0,0,0,0,0,0,0,0,0,0,0,0,0,0,0,0,0,0,0,0,0,0,0,0,0,0,0,0,0,817400891,817400891,817400891,817400891,817400891,817400891,817400891,817400891,817400891,817400891,817400891,817400891,817400891,817400891,817400891,817400891,817400891,817400891,817400891,817400891,817400891,817400891,817400891,817400891,817400891
Titanic,0,0,0,0,0,0,0,0,0,0,0,0,0,0,0,0,0,0,0,0,0,0,0,0,0,0,0,0,0,0,0,0,0,0,0,0,0,0,0,0,0,0,0,0,0,0,0,0,0,0,0,0,0,0,0,0,0,0,0,0,0,0,0,0,0,0,0,0,0,0,0,0,0,0,0,0,0,0,0,0,0,0,1843201268,1843201268,1843201268,1843201268,1843201268,1843201268,1843201268,1843201268,1843201268,1843201268,1843201268,1843201268,1843201268,1843201268,1843201268,1843201268,1843201268,1843201268,1843201268,1843201268,1843201268,1843201268,1843201268,1843201268
Armageddon,0,0,0,0,0,0,0,0,0,0,0,0,0,0,0,0,0,0,0,0,0,0,0,0,0,0,0,0,0,0,0,0,0,0,0,0,0,0,0,0,0,0,0,0,0,0,0,0,0,0,0,0,0,0,0,0,0,0,0,0,0,0,0,0,0,0,0,0,0,0,0,0,0,0,0,0,0,0,0,0,0,0,0,553709626,553709626,553709626,553709626,553709626,553709626,553709626,553709626,553709626,553709626,553709626,553709626,553709626,553709626,553709626,553709626,553709626,553709626,553709626,553709626,553709626,553709626,553709626
Star Wars: Episode I ??The Phantom Menace,0,0,0,0,0,0,0,0,0,0,0,0,0,0,0,0,0,0,0,0,0,0,0,0,0,0,0,0,0,0,0,0,0,0,0,0,0,0,0,0,0,0,0,0,0,0,0,0,0,0,0,0,0,0,0,0,0,0,0,0,0,0,0,0,0,0,0,0,0,0,0,0,0,0,0,0,0,0,0,0,0,0,0,0,924317558,924317558,924317558,924317558,924317558,924317558,924317558,924317558,924317558,924317558,924317558,924317558,924317558,924317558,924317558,924317558,924317558,924317558,924317558,924317558,924317558,924317558
Mission: Impossible 2,0,0,0,0,0,0,0,0,0,0,0,0,0,0,0,0,0,0,0,0,0,0,0,0,0,0,0,0,0,0,0,0,0,0,0,0,0,0,0,0,0,0,0,0,0,0,0,0,0,0,0,0,0,0,0,0,0,0,0,0,0,0,0,0,0,0,0,0,0,0,0,0,0,0,0,0,0,0,0,0,0,0,0,0,0,546388105,546388105,546388105,546388105,546388105,546388105,546388105,546388105,546388105,546388105,546388105,546388105,546388105,546388105,546388105,546388105,546388105,546388105,546388105,546388105,546388105
Harry Potter and the Philosopher's Stone,0,0,0,0,0,0,0,0,0,0,0,0,0,0,0,0,0,0,0,0,0,0,0,0,0,0,0,0,0,0,0,0,0,0,0,0,0,0,0,0,0,0,0,0,0,0,0,0,0,0,0,0,0,0,0,0,0,0,0,0,0,0,0,0,0,0,0,0,0,0,0,0,0,0,0,0,0,0,0,0,0,0,0,0,0,0,974755371,974755371,974755371,974755371,974755371,974755371,974755371,974755371,974755371,974755371,974755371,974755371,974755371,974755371,974755371,974755371,974755371,974755371,974755371,974755371
The Lord of the Rings: The Two Towers,0,0,0,0,0,0,0,0,0,0,0,0,0,0,0,0,0,0,0,0,0,0,0,0,0,0,0,0,0,0,0,0,0,0,0,0,0,0,0,0,0,0,0,0,0,0,0,0,0,0,0,0,0,0,0,0,0,0,0,0,0,0,0,0,0,0,0,0,0,0,0,0,0,0,0,0,0,0,0,0,0,0,0,0,0,0,0,936689735,936689735,936689735,936689735,936689735,936689735,936689735,936689735,936689735,936689735,936689735,936689735,936689735,936689735,936689735,936689735,936689735,936689735,936689735
The Lord of the Rings: The Return of the King,0,0,0,0,0,0,0,0,0,0,0,0,0,0,0,0,0,0,0,0,0,0,0,0,0,0,0,0,0,0,0,0,0,0,0,0,0,0,0,0,0,0,0,0,0,0,0,0,0,0,0,0,0,0,0,0,0,0,0,0,0,0,0,0,0,0,0,0,0,0,0,0,0,0,0,0,0,0,0,0,0,0,0,0,0,0,0,0,1140682011,1140682011,1140682011,1140682011,1140682011,1140682011,1140682011,1140682011,1140682011,1140682011,1140682011,1140682011,1140682011,1140682011,1140682011,1140682011,1140682011,1140682011
Shrek 2,0,0,0,0,0,0,0,0,0,0,0,0,0,0,0,0,0,0,0,0,0,0,0,0,0,0,0,0,0,0,0,0,0,0,0,0,0,0,0,0,0,0,0,0,0,0,0,0,0,0,0,0,0,0,0,0,0,0,0,0,0,0,0,0,0,0,0,0,0,0,0,0,0,0,0,0,0,0,0,0,0,0,0,0,0,0,0,0,0,919838758,919838758,919838758,919838758,919838758,919838758,919838758,919838758,919838758,919838758,919838758,919838758,919838758,919838758,919838758,919838758,919838758
Harry Potter and the Goblet of Fire,0,0,0,0,0,0,0,0,0,0,0,0,0,0,0,0,0,0,0,0,0,0,0,0,0,0,0,0,0,0,0,0,0,0,0,0,0,0,0,0,0,0,0,0,0,0,0,0,0,0,0,0,0,0,0,0,0,0,0,0,0,0,0,0,0,0,0,0,0,0,0,0,0,0,0,0,0,0,0,0,0,0,0,0,0,0,0,0,0,0,896911078,896911078,896911078,896911078,896911078,896911078,896911078,896911078,896911078,896911078,896911078,896911078,896911078,896911078,896911078,896911078
Pirates of the Caribbean: Dead Man's Chest,0,0,0,0,0,0,0,0,0,0,0,0,0,0,0,0,0,0,0,0,0,0,0,0,0,0,0,0,0,0,0,0,0,0,0,0,0,0,0,0,0,0,0,0,0,0,0,0,0,0,0,0,0,0,0,0,0,0,0,0,0,0,0,0,0,0,0,0,0,0,0,0,0,0,0,0,0,0,0,0,0,0,0,0,0,0,0,0,0,0,0,1066179725,1066179725,1066179725,1066179725,1066179725,1066179725,1066179725,1066179725,1066179725,1066179725,1066179725,1066179725,1066179725,1066179725,1066179725
Pirates of the Caribbean: At World's End,0,0,0,0,0,0,0,0,0,0,0,0,0,0,0,0,0,0,0,0,0,0,0,0,0,0,0,0,0,0,0,0,0,0,0,0,0,0,0,0,0,0,0,0,0,0,0,0,0,0,0,0,0,0,0,0,0,0,0,0,0,0,0,0,0,0,0,0,0,0,0,0,0,0,0,0,0,0,0,0,0,0,0,0,0,0,0,0,0,0,0,0,963420425,963420425,963420425,963420425,963420425,963420425,963420425,963420425,963420425,963420425,963420425,963420425,963420425,963420425
The Dark Knight,0,0,0,0,0,0,0,0,0,0,0,0,0,0,0,0,0,0,0,0,0,0,0,0,0,0,0,0,0,0,0,0,0,0,0,0,0,0,0,0,0,0,0,0,0,0,0,0,0,0,0,0,0,0,0,0,0,0,0,0,0,0,0,0,0,0,0,0,0,0,0,0,0,0,0,0,0,0,0,0,0,0,0,0,0,0,0,0,0,0,0,0,0,997039412,997039412,997039412,997039412,997039412,997039412,997039412,997039412,997039412,997039412,997039412,997039412,997039412
Avatar,0,0,0,0,0,0,0,0,0,0,0,0,0,0,0,0,0,0,0,0,0,0,0,0,0,0,0,0,0,0,0,0,0,0,0,0,0,0,0,0,0,0,0,0,0,0,0,0,0,0,0,0,0,0,0,0,0,0,0,0,0,0,0,0,0,0,0,0,0,0,0,0,0,0,0,0,0,0,0,0,0,0,0,0,0,0,0,0,0,0,0,0,0,0,2749064328,2749064328,2749064328,2749064328,2749064328,2749064328,2749064328,2749064328,2749064328,2749064328,2749064328,2749064328
Toy Story 3,0,0,0,0,0,0,0,0,0,0,0,0,0,0,0,0,0,0,0,0,0,0,0,0,0,0,0,0,0,0,0,0,0,0,0,0,0,0,0,0,0,0,0,0,0,0,0,0,0,0,0,0,0,0,0,0,0,0,0,0,0,0,0,0,0,0,0,0,0,0,0,0,0,0,0,0,0,0,0,0,0,0,0,0,0,0,0,0,0,0,0,0,0,0,0,1066969703,1066969703,1066969703,1066969703,1066969703,1066969703,1066969703,1066969703,1066969703,1066969703,1066969703
Harry Potter and the Deathly Hallows ??Part 2,0,0,0,0,0,0,0,0,0,0,0,0,0,0,0,0,0,0,0,0,0,0,0,0,0,0,0,0,0,0,0,0,0,0,0,0,0,0,0,0,0,0,0,0,0,0,0,0,0,0,0,0,0,0,0,0,0,0,0,0,0,0,0,0,0,0,0,0,0,0,0,0,0,0,0,0,0,0,0,0,0,0,0,0,0,0,0,0,0,0,0,0,0,0,0,0,1341511219,1341511219,1341511219,1341511219,1341511219,1341511219,1341511219,1341511219,1341511219,1341511219
The Avengers,0,0,0,0,0,0,0,0,0,0,0,0,0,0,0,0,0,0,0,0,0,0,0,0,0,0,0,0,0,0,0,0,0,0,0,0,0,0,0,0,0,0,0,0,0,0,0,0,0,0,0,0,0,0,0,0,0,0,0,0,0,0,0,0,0,0,0,0,0,0,0,0,0,0,0,0,0,0,0,0,0,0,0,0,0,0,0,0,0,0,0,0,0,0,0,0,0,1518812988,1518812988,1518812988,1518812988,1518812988,1518812988,1518812988,1518812988,1518812988
Frozen,0,0,0,0,0,0,0,0,0,0,0,0,0,0,0,0,0,0,0,0,0,0,0,0,0,0,0,0,0,0,0,0,0,0,0,0,0,0,0,0,0,0,0,0,0,0,0,0,0,0,0,0,0,0,0,0,0,0,0,0,0,0,0,0,0,0,0,0,0,0,0,0,0,0,0,0,0,0,0,0,0,0,0,0,0,0,0,0,0,0,0,0,0,0,0,0,0,0,1287000000,1287000000,1287000000,1287000000,1287000000,1287000000,1287000000,1287000000
Transformers: Age of Extinction,0,0,0,0,0,0,0,0,0,0,0,0,0,0,0,0,0,0,0,0,0,0,0,0,0,0,0,0,0,0,0,0,0,0,0,0,0,0,0,0,0,0,0,0,0,0,0,0,0,0,0,0,0,0,0,0,0,0,0,0,0,0,0,0,0,0,0,0,0,0,0,0,0,0,0,0,0,0,0,0,0,0,0,0,0,0,0,0,0,0,0,0,0,0,0,0,0,0,0,1104039076,1104039076,1104039076,1104039076,1104039076,1104039076,1104039076
Star Wars: The Force Awakens,0,0,0,0,0,0,0,0,0,0,0,0,0,0,0,0,0,0,0,0,0,0,0,0,0,0,0,0,0,0,0,0,0,0,0,0,0,0,0,0,0,0,0,0,0,0,0,0,0,0,0,0,0,0,0,0,0,0,0,0,0,0,0,0,0,0,0,0,0,0,0,0,0,0,0,0,0,0,0,0,0,0,0,0,0,0,0,0,0,0,0,0,0,0,0,0,0,0,0,0,2068223624,2068223624,2068223624,2068223624,2068223624,2068223624
Captain America: Civil War,0,0,0,0,0,0,0,0,0,0,0,0,0,0,0,0,0,0,0,0,0,0,0,0,0,0,0,0,0,0,0,0,0,0,0,0,0,0,0,0,0,0,0,0,0,0,0,0,0,0,0,0,0,0,0,0,0,0,0,0,0,0,0,0,0,0,0,0,0,0,0,0,0,0,0,0,0,0,0,0,0,0,0,0,0,0,0,0,0,0,0,0,0,0,0,0,0,0,0,0,0,1153304495,1153304495,1153304495,1153304495,1153304495
Star Wars: The Last Jedi,0,0,0,0,0,0,0,0,0,0,0,0,0,0,0,0,0,0,0,0,0,0,0,0,0,0,0,0,0,0,0,0,0,0,0,0,0,0,0,0,0,0,0,0,0,0,0,0,0,0,0,0,0,0,0,0,0,0,0,0,0,0,0,0,0,0,0,0,0,0,0,0,0,0,0,0,0,0,0,0,0,0,0,0,0,0,0,0,0,0,0,0,0,0,0,0,0,0,0,0,0,0,1332539889,1332539889,1332539889,1332539889
Avengers: Infinity War,0,0,0,0,0,0,0,0,0,0,0,0,0,0,0,0,0,0,0,0,0,0,0,0,0,0,0,0,0,0,0,0,0,0,0,0,0,0,0,0,0,0,0,0,0,0,0,0,0,0,0,0,0,0,0,0,0,0,0,0,0,0,0,0,0,0,0,0,0,0,0,0,0,0,0,0,0,0,0,0,0,0,0,0,0,0,0,0,0,0,0,0,0,0,0,0,0,0,0,0,0,0,0,2048359754,2048359754,2048359754
Avengers: Endgame,0,0,0,0,0,0,0,0,0,0,0,0,0,0,0,0,0,0,0,0,0,0,0,0,0,0,0,0,0,0,0,0,0,0,0,0,0,0,0,0,0,0,0,0,0,0,0,0,0,0,0,0,0,0,0,0,0,0,0,0,0,0,0,0,0,0,0,0,0,0,0,0,0,0,0,0,0,0,0,0,0,0,0,0,0,0,0,0,0,0,0,0,0,0,0,0,0,0,0,0,0,0,0,0,2797800564,2797800564
Bad Boys for Life?,0,0,0,0,0,0,0,0,0,0,0,0,0,0,0,0,0,0,0,0,0,0,0,0,0,0,0,0,0,0,0,0,0,0,0,0,0,0,0,0,0,0,0,0,0,0,0,0,0,0,0,0,0,0,0,0,0,0,0,0,0,0,0,0,0,0,0,0,0,0,0,0,0,0,0,0,0,0,0,0,0,0,0,0,0,0,0,0,0,0,0,0,0,0,0,0,0,0,0,0,0,0,0,0,0,425514702
